"OptionSet","Exploit","Seconds","Filter","All","NoDispute","DisputeArises","LitigQuality","PFiles","DAnswers","Activity","Accident","WrongAttrib","PrecPower","PrecLevel","BCRatio","PrecPower1","PrecPower2","PrecPower3","PrecPower4","PrecPower5","PrecPower6","PrecPower7","PrecPower8","PBargains1","DBargains1","POffer1","DOffer1","POfferMixedness1","DOfferMixedness1","Settles1","PBet1","DBet1","PBetMixedness1","DBetMixedness1","PAbandons1","DDefaults1","Trial","PWinPct","PWealth","DWealth","TotWealth","WealthLoss","PWelfare","DWelfare","TotExpense","False+","False-","False+-","False+^2","False-^2","PDSWelfareLoss","SWelfareLoss","OpportunityCost","HarmCost","TrulyLiableHarmCost","TrulyNotLiableHarmCost","Chips","Settles","ValIfSettled","PAbandons","DDefaults","BothReadyToGiveUp","TrulyLiable","PrimaryAction","MutualOptimism","PLiabilitySignal1","PLiabilitySignal2","PLiabilitySignal3","PLiabilitySignal4","PLiabilitySignal5","PLiabilitySignal6","PLiabilitySignal7","PLiabilitySignal8","DLiabilitySignal1","DLiabilitySignal2","DLiabilitySignal3","DLiabilitySignal4","DLiabilitySignal5","DLiabilitySignal6","DLiabilitySignal7","DLiabilitySignal8","P Files","D Answers","PDoesntFile","DDoesntAnswer","SettlesBR1","PAbandonsBR1","DDefaultsBR1","P Loses","P Wins"
"Risk Neutral CM 1 UPC 1E-06 DM 2","0","451","All",1,0.999939,6.14684E-05,0.500001,6.1468E-5,1.22986E-11,1,6.14684E-05,9.99948E-06,4.50001,6.99999,2.47101,0.125,0.125,0.125,0.124999,0.124999,0.125,0.125,0.125001,1,1,0.937499,0.937499,,,1.22986E-11,,,,,1.72318E-24,1.72249E-17,3.45E-24,1,10.0001,9.99987,19.9999,7.46154E-05,10.0001,9.99987,6.14684E-06,7.2044E-5,1.018E-11,7.20437E-5,9.31942E-05,1.01827E-11,5.84691E-05,6.46159E-05,7.00019E-06,5.14689E-05,4.22603E-05,9.20858E-06,0,1.2299E-11,1.875,1.72318E-24,1.72249E-17,3.44636E-24,0.827956,0,-2.68953E-15,0.102831,0.127187,0.135106,0.134876,0.134876,0.135106,0.127187,0.102831,0.102831,0.127187,0.135106,0.134876,0.134876,0.135106,0.127187,0.102831,6.14684E-5,1.22986E-11,0.999939,6.14683E-05,1.22986E-11,1.72318E-24,1.72249E-17,6.6128E-40,3.446E-24
"Risk Neutral CM 1 UPC 1E-06 DM 2","0","451","NoDispute",0.9999,1,0,0.500004,0,0,1,0,0,4.50003,6.99999,2.47103,0.124997,0.124998,0.124999,0.125,0.125,0.125001,0.125002,0.125003,1,1,,,,,0,,,,,0,0,0,,10,9.99999,20,7.00019E-06,10,9.99999,0,0,0,0,0,0,7.00019E-06,7.00019E-06,7.00019E-06,0,0,0,0,0,,0,0,0,,0,0,0.102829,0.127185,0.135105,0.134876,0.134877,0.135107,0.127189,0.102833,0.102829,0.127185,0.135105,0.134876,0.134877,0.135107,0.127189,0.102833,0,0,1,0,0,0,0,0,0
"Risk Neutral CM 1 UPC 1E-06 DM 2","0","451","DisputeArises",6.1E-5,0,1,0.44488,1,2.0008E-07,1,1,0.162677,4.05904,6.99999,2.25638,0.172045,0.154819,0.136934,0.121963,0.110116,0.102344,0.100173,0.101607,1,1,0.937499,0.937499,,,2.0008E-07,,,,,2.80336E-20,2.80224E-13,5.61E-20,1,10.9,7.99999,18.9,1.10001,10.9,7.99999,0.1,1.17204,1.6566E-7,1.17204,1.51613,1.65657E-07,0.83733,0.93733,6.99999E-06,0.837323,0.687513,0.14981,0,2.0008E-07,1.875,2.80336E-20,2.80224E-13,5.60672E-20,0.827956,0,-5.27528E-14,0.131139,0.155774,0.155362,0.141929,0.127526,0.114733,0.0987312,0.0748064,0.131139,0.155774,0.155362,0.141929,0.127526,0.114733,0.0987312,0.0748064,1,2.0008E-07,2.0008E-07,1,2.0008E-07,2.80336E-20,2.80224E-13,1.0758E-35,5.607E-20
"Risk Neutral CM 1 UPC 1E-06 DM 2","0","451","PFiles",6.1E-5,0,1,0.44488,1,2.0008E-07,1,1,0.162677,4.05904,6.99999,2.25638,0.172045,0.154819,0.136934,0.121963,0.110116,0.102344,0.100173,0.101607,1,1,0.937499,0.937499,,,2.0008E-07,,,,,2.80336E-20,2.80224E-13,5.61E-20,1,10.9,7.99999,18.9,1.10001,10.9,7.99999,0.1,1.17204,9.115E-15,1.17204,1.51613,1.5123E-15,0.83733,0.93733,6.99999E-06,0.837323,0.687513,0.14981,0,2.0008E-07,1.875,2.80336E-20,2.80224E-13,5.60672E-20,0.827956,0,-4.37371E-14,0.131139,0.155774,0.155362,0.141929,0.127526,0.114733,0.0987312,0.0748064,0.131139,0.155774,0.155362,0.141929,0.127526,0.114733,0.0987312,0.0748064,1,2.0008E-07,0,1,2.0008E-07,2.80336E-20,2.80224E-13,1.0758E-35,5.607E-20
"Risk Neutral CM 1 UPC 1E-06 DM 2","0","451","DAnswers",1E-11,0,1,0.44488,1,1,1,1,0.162677,4.05904,6.99999,2.25638,0.172045,0.154819,0.136934,0.121963,0.110116,0.102344,0.100173,0.101607,1,1,0.937499,0.937499,,,0.999999,,,,,1.40112E-13,1.40056E-06,2.8E-13,1,10.675,7.92499,18.6,1.40001,10.675,7.92499,0.4,1.24704,4.5556E-8,1.24704,1.69756,7.55849E-09,0.83733,1.23733,6.99999E-06,0.837323,0.687513,0.14981,0,0.999999,1.875,1.40112E-13,1.40056E-06,2.80224E-13,0.827956,0,-2.48285E-13,0.131139,0.155774,0.155362,0.141929,0.127526,0.114733,0.0987312,0.0748064,0.131139,0.155774,0.155362,0.141929,0.127526,0.114733,0.0987312,0.0748064,1,1,0,0,0.999999,1.40112E-13,1.40056E-06,5.3769E-29,2.802E-13
"Risk Neutral CM 1 UPC 1E-06 DM 2","0","451","Litigated",1E-11,0,1,0.44488,1,1,1,1,0.162677,4.05904,6.99999,2.25638,0.172045,0.154819,0.136934,0.121963,0.110116,0.102344,0.100173,0.101607,1,1,0.937499,0.937499,,,0.999999,,,,,1.40112E-13,1.40056E-06,2.8E-13,1,10.675,7.92499,18.6,1.40001,10.675,7.92499,0.4,1.24704,4.5556E-8,1.24704,1.69756,7.55849E-09,0.83733,1.23733,6.99999E-06,0.837323,0.687513,0.14981,0,0.999999,1.875,1.40112E-13,1.40056E-06,2.80224E-13,0.827956,0,-2.48285E-13,0.131139,0.155774,0.155362,0.141929,0.127526,0.114733,0.0987312,0.0748064,0.131139,0.155774,0.155362,0.141929,0.127526,0.114733,0.0987312,0.0748064,1,1,0,0,0.999999,1.40112E-13,1.40056E-06,5.3769E-29,2.802E-13
"Risk Neutral CM 1 UPC 1E-06 DM 2","0","451","Not Litigated",1,0.999939,6.14684E-05,0.500001,6.1468E-5,0,1,6.14684E-05,9.99948E-06,4.50001,6.99999,2.47101,0.125,0.125,0.125,0.124999,0.124999,0.125,0.125,0.125001,1,1,,,,,0,,,,,0,0,0,,10.0001,9.99987,19.9999,7.46154E-05,10.0001,9.99987,6.14683E-06,7.2044E-5,1.018E-11,7.20436E-5,9.31942E-05,1.01827E-11,5.84691E-05,6.46159E-05,7.00019E-06,5.14689E-05,4.22603E-05,9.20857E-06,0,0,,0,0,0,0.827956,0,-2.54677E-15,0.102831,0.127187,0.135106,0.134876,0.134876,0.135106,0.127187,0.102831,0.102831,0.127187,0.135106,0.134876,0.134876,0.135106,0.127187,0.102831,6.14683E-5,0,0.999939,6.14683E-05,0,0,0,0,0
"Risk Neutral CM 1 UPC 1E-06 DM 2","0","451","Settles",1E-11,0,1,0.44488,1,1,1,1,0.162677,4.05904,6.99999,2.25638,0.172045,0.154819,0.136934,0.121963,0.110116,0.102344,0.100173,0.101607,1,1,0.937499,0.9375,,,1,,,,,0,0,0,,10.675,7.92499,18.6,1.40001,10.675,7.92499,0.4,1.24704,4.5556E-8,1.24704,1.69756,7.55834E-09,0.83733,1.23733,6.99999E-06,0.837323,0.687513,0.14981,0,1,1.875,0,0,0,0.827956,0,-1.2566E-13,0.131139,0.155774,0.155362,0.141929,0.127526,0.114733,0.0987312,0.0748064,0.131139,0.155774,0.155362,0.141929,0.127526,0.114733,0.0987312,0.0748064,1,1,0,0,1,0,0,0,0
"Risk Neutral CM 1 UPC 1E-06 DM 2","0","451","Tried",3E-24,0,1,0.44488,1,1,1,1,0.162677,4.05904,6.99999,2.25638,0.172045,0.154819,0.136934,0.121963,0.110116,0.102344,0.100173,0.101607,1,1,0.9375,0.4375,,,0,,,,,0,0,1,1,10.7,7.69999,18.4,1.60001,10.7,7.69999,0.6,1.47204,0,1.47204,2.30936,0,0.83733,1.43733,6.99999E-06,0.837323,0.687513,0.14981,0,0,,0,0,0,0.827956,0,-1.41021E-13,0.131139,0.155774,0.155362,0.141929,0.127526,0.114733,0.0987312,0.0748064,0.131139,0.155774,0.155362,0.141929,0.127526,0.114733,0.0987312,0.0748064,1,1,0,0,0,0,0,1.9188E-16,1
"Risk Neutral CM 1 UPC 1E-06 DM 2","0","451","PWins",3E-24,0,1,0.44488,1,1,1,1,0.162677,4.05904,6.99999,2.25638,0.172045,0.154819,0.136934,0.121963,0.110116,0.102344,0.100173,0.101607,1,1,0.9375,0.4375,,,0,,,,,0,0,1,1,10.7,7.69999,18.4,1.60001,10.7,7.69999,0.6,1.47204,0,1.47204,2.30936,0,0.83733,1.43733,6.99999E-06,0.837323,0.687513,0.14981,0,0,,0,0,0,0.827956,0,-1.41021E-13,0.131139,0.155774,0.155362,0.141929,0.127526,0.114733,0.0987312,0.0748064,0.131139,0.155774,0.155362,0.141929,0.127526,0.114733,0.0987312,0.0748064,1,1,0,0,0,0,0,0,1
"Risk Neutral CM 1 UPC 1E-06 DM 2","0","451","DWins",7E-40,0,1,0.189965,1,1,1,1,0.129876,2.01972,6.99999,1.28037,0.419872,0.295533,0.171696,0.0790306,0.0267602,0.00608614,0.000920903,0.000100613,1,1,0.9375,0.4375,,,0,,,,,0,0,1,0,8.7,9.69999,18.4,1.60001,8.7,9.69999,0.6,0.125961,0.754168,0.880129,0.0377884,0.980418,0.870131,1.47013,6.99999E-06,0.870124,0.503468,0.366655,0,0,,0,0,0,0.580129,0,-6.84732E-14,0.428131,0.291986,0.162907,0.0892873,0.0224823,0.00328138,0.00179131,0.000133836,0.428131,0.291986,0.162907,0.0892873,0.0224823,0.00328138,0.00179131,0.000133836,1,1,0,0,0,0,0,1,0
"Risk Neutral CM 1 UPC 1E-06 DM 2","0","451","Abandoned",2E-17,0,1,0.44488,1,1,1,1,0.162677,4.05904,6.99999,2.25638,0.172045,0.154819,0.136934,0.121963,0.110116,0.102344,0.100173,0.101607,1,1,0.9375,0.4375,,,0,,,,,1.0004E-07,1,0,,10.8,7.79999,18.6,1.40001,10.8,7.79999,0.4,1.37204,9.9394E-8,1.37204,2.02495,1.19273E-07,0.83733,1.23733,6.99999E-06,0.837323,0.687513,0.14981,0,0,,1.0004E-07,1,2.0008E-07,0.827956,0,-3.30641E-13,0.131139,0.155774,0.155362,0.141929,0.127526,0.114733,0.0987312,0.0748064,0.131139,0.155774,0.155362,0.141929,0.127526,0.114733,0.0987312,0.0748064,1,1,0,0,0,1.0004E-07,1,0,0
"Risk Neutral CM 1 UPC 1E-06 DM 2","0","451","PrecPower1",0.125,0.999915,8.46024E-05,0.0625,8.4602E-5,1.69272E-11,1,8.46024E-05,1.09337E-05,1,6.99999,0.909398,1,0,0,0,0,0,0,0,1,1,0.937499,0.937499,,,1.69272E-11,,,,,2.37171E-24,2.37076E-17,4.74E-24,1,10.0001,9.99982,19.9999,0.000100063,10.0001,9.99982,8.46024E-06,0.0001692,0,0.0001692,0.000338409,0,8.06689E-05,8.91291E-05,7.00019E-06,7.36687E-05,1.26052E-10,7.36685E-05,0,1.6927E-11,1.875,2.37171E-24,2.37076E-17,4.74342E-24,1.67094E-06,0,0.936725,0.22452,0.243919,0.207842,0.14645,0.089872,0.049882,0.0255105,0.0120034,0.394014,0.326145,0.184955,0.071839,0.019103,0.00347584,0.000432502,3.678E-05,8.46024E-5,1.69272E-11,0.999915,8.46024E-05,1.69272E-11,2.37171E-24,2.37076E-17,2.2212E-39,4.743E-24
"Risk Neutral CM 1 UPC 1E-06 DM 2","0","451","PrecPower2",0.125,0.999924,7.61317E-05,0.1875,7.6132E-5,1.52324E-11,1,7.61317E-05,1.01953E-05,2,6.99999,1.2395,0,1,0,0,0,0,0,0,1,1,0.937499,0.937499,,,1.52324E-11,,,,,2.13425E-24,2.13339E-17,4.27E-24,1,10.0001,9.99984,19.9999,9.07451E-05,10.0001,9.99984,7.61318E-06,7.6132E-5,1.523E-11,7.61317E-5,7.61317E-05,1.52324E-11,7.29366E-05,8.05498E-05,7.00019E-06,6.59364E-05,6.59364E-05,0,0,1.5232E-11,1.875,2.13425E-24,2.13339E-17,4.26849E-24,1,0,0.708303,0.194115,0.219714,0.199291,0.153453,0.105573,0.0669785,0.0395251,0.0213513,0.245941,0.297121,0.245941,0.139472,0.0541726,0.0144052,0.00262107,0.000326143,7.61317E-5,1.52324E-11,0.999924,7.61317E-05,1.52324E-11,2.13425E-24,2.13339E-17,1.5634E-39,4.268E-24
"Risk Neutral CM 1 UPC 1E-06 DM 2","0","451","PrecPower3",0.125,0.999933,6.73373E-05,0.3125,6.7337E-5,1.34729E-11,1,6.73373E-05,9.57531E-06,3,6.99999,1.62044,0,0,1,0,0,0,0,0,1,1,0.937499,0.937499,,,1.34728E-11,,,,,1.88771E-24,1.88695E-17,3.78E-24,1,10.0001,9.99986,19.9999,8.10712E-05,10.0001,9.99986,6.73373E-06,6.7337E-5,1.347E-11,6.73373E-5,6.73373E-05,1.34729E-11,6.47622E-05,7.14959E-05,7.00019E-06,5.7762E-05,5.7762E-05,0,0,1.3473E-11,1.875,1.88771E-24,1.88695E-17,3.77541E-24,1,0,0.437054,0.153946,0.184876,0.18293,0.158247,0.125175,0.0924019,0.0633479,0.039076,0.122436,0.2159,0.260828,0.2159,0.122435,0.0475554,0.0126456,0.00230091,6.73373E-5,1.34729E-11,0.999933,6.73373E-05,1.34728E-11,1.88771E-24,1.88695E-17,9.0831E-40,3.775E-24
"Risk Neutral CM 1 UPC 1E-06 DM 2","0","451","PrecPower4",0.125,0.99994,5.99752E-05,0.4375,5.9975E-5,1.19998E-11,1,5.99752E-05,9.29326E-06,4,6.99999,2.05773,0,0,0,1,0,0,0,0,1,1,0.937499,0.937499,,,1.19998E-11,,,,,1.68132E-24,1.68065E-17,3.36E-24,1,10.0001,9.99987,19.9999,7.29729E-05,10.0001,9.99987,5.99752E-06,5.9975E-5,1.2E-11,5.99752E-5,5.99751E-05,1.19998E-11,5.76821E-05,6.36796E-05,7.00019E-06,5.06819E-05,5.06819E-05,0,0,1.2E-11,1.875,1.68132E-24,1.68065E-17,3.36264E-24,1,0,0.14667,0.109094,0.141948,0.157031,0.156097,0.144139,0.12449,0.0986552,0.0685453,0.0454968,0.117135,0.206553,0.249535,0.206552,0.117134,0.0454963,0.0120981,5.99751E-5,1.19998E-11,0.99994,5.99751E-05,1.19998E-11,1.68132E-24,1.68065E-17,4.1809E-40,3.363E-24
"Risk Neutral CM 1 UPC 1E-06 DM 2","0","451","PrecPower5",0.125,0.999946,5.41495E-05,0.5625,5.4149E-5,1.08342E-11,1,5.41495E-05,9.29332E-06,5,6.99999,2.55719,0,0,0,0,1,0,0,0,1,1,0.937499,0.937499,,,1.08342E-11,,,,,1.51801E-24,1.5174E-17,3.04E-24,1,10,9.99988,19.9999,6.65647E-05,10,9.99988,5.41495E-06,5.4149E-5,1.083E-11,5.41495E-5,5.41495E-05,1.08342E-11,5.18564E-05,5.72713E-05,7.00019E-06,4.48562E-05,4.48562E-05,0,0,1.0834E-11,1.875,1.51801E-24,1.5174E-17,3.03601E-24,1,0,-0.146649,0.0685446,0.0986548,0.12449,0.144139,0.156096,0.157031,0.141949,0.109095,0.0120983,0.045497,0.117135,0.206553,0.249535,0.206552,0.117134,0.0454962,5.41495E-5,1.08342E-11,0.999946,5.41495E-05,1.08342E-11,1.51801E-24,1.5174E-17,1.4157E-40,3.036E-24
"Risk Neutral CM 1 UPC 1E-06 DM 2","0","451","PrecPower6",0.125,0.99995,5.03272E-05,0.6875,5.0327E-5,1.00695E-11,1,5.03272E-05,9.57546E-06,6,6.99999,3.12498,0,0,0,0,0,1,0,0,1,1,0.937499,0.937499,,,1.00694E-11,,,,,1.41085E-24,1.41029E-17,2.82E-24,1,10,9.99989,19.9999,6.23601E-05,10,9.99989,5.03272E-06,5.0327E-5,1.007E-11,5.03272E-5,5.03272E-05,1.00695E-11,4.77519E-05,5.27846E-05,7.00019E-06,4.07517E-05,4.07517E-05,0,0,1.0069E-11,1.875,1.41085E-24,1.41029E-17,2.8217E-24,1,0,-0.437042,0.0390758,0.0633479,0.0924023,0.125176,0.158246,0.182929,0.184876,0.153947,0.00230097,0.0126459,0.0475561,0.122436,0.215901,0.260827,0.215899,0.122434,5.03272E-5,1.00695E-11,0.99995,5.03272E-05,1.00694E-11,1.41085E-24,1.41029E-17,3.2197E-41,2.822E-24
"Risk Neutral CM 1 UPC 1E-06 DM 2","0","451","PrecPower7",0.125,0.999951,4.92595E-05,0.8125,4.9259E-5,9.85583E-12,1,4.92595E-05,1.01955E-05,7,6.99999,3.76749,0,0,0,0,0,0,1,0,1,1,0.937499,0.937499,,,9.85582E-12,,,,,1.38092E-24,1.38037E-17,2.76E-24,1,10,9.99989,19.9999,6.11856E-05,10,9.99989,4.92595E-06,4.9259E-5,9.856E-12,4.92595E-5,4.92595E-05,9.85584E-12,4.60641E-05,5.09901E-05,7.00019E-06,3.90639E-05,3.90639E-05,0,0,9.8558E-12,1.875,1.38092E-24,1.38037E-17,2.76184E-24,1,0,-0.708305,0.0213513,0.0395253,0.0669792,0.105574,0.153454,0.19929,0.219712,0.194114,0.000326153,0.00262115,0.0144055,0.0541734,0.139473,0.245942,0.29712,0.24594,4.92595E-5,9.85583E-12,0.999951,4.92594E-05,9.85582E-12,1.38092E-24,1.38037E-17,4.8718E-42,2.762E-24
"Risk Neutral CM 1 UPC 1E-06 DM 2","0","451","PrecPower8",0.125,0.99995,4.99643E-05,0.9375,4.9964E-5,9.99686E-12,1,4.99643E-05,1.0934E-05,8,6.99999,4.49135,0,0,0,0,0,0,0,1,1,1,0.937499,0.937499,,,9.99685E-12,,,,,1.40068E-24,1.40012E-17,2.8E-24,1,10,9.99989,19.9999,6.1961E-05,10,9.99989,4.99643E-06,4.9964E-5,9.997E-12,4.99643E-5,4.99643E-05,9.99686E-12,4.60306E-05,5.1027E-05,7.00019E-06,3.90304E-05,3.90304E-05,0,0,9.9968E-12,1.875,1.40068E-24,1.40012E-17,2.80136E-24,1,0,-0.936743,0.0120034,0.0255108,0.0498829,0.0898739,0.146453,0.207844,0.243918,0.224515,3.67814E-05,0.000432516,0.00347593,0.0191033,0.0718398,0.184955,0.326144,0.394012,4.99643E-5,9.99686E-12,0.99995,4.99643E-05,9.99685E-12,1.40068E-24,1.40012E-17,5.3226E-43,2.801E-24
"Risk Neutral CM 1 UPC 1E-06 DM 2","0","451","PrecLevel0",4E-07,0.999945,5.49995E-05,0.5,5.4999E-5,1.10043E-11,0.5,5.49995E-05,4.9995E-06,4.5,0,10.6943,0.125001,0.125,0.125,0.125,0.125,0.125,0.125,0.125001,1,1,0.937499,0.937499,,,1.10043E-11,,,,,1.54183E-24,1.54122E-17,3.08E-24,1,10,9.99939,19.9994,0.000560499,10,9.99939,5.49995E-06,5.4999E-5,1.1E-11,5.49995E-5,5.49995E-05,1.10043E-11,0.00055,0.0005555,0.0005,5E-05,5E-05,0,0,1.1004E-11,1.875,1.54183E-24,1.54122E-17,3.08367E-24,1,0,0,0.102831,0.127187,0.135106,0.134876,0.134876,0.135106,0.127187,0.102831,0.102831,0.127187,0.135106,0.134876,0.134876,0.135106,0.127187,0.102831,5.49995E-5,1.10043E-11,0.999945,5.49995E-05,1.10043E-11,1.54183E-24,1.54122E-17,5.4060E-40,3.084E-24
"Risk Neutral CM 1 UPC 1E-06 DM 2","0","451","PrecLevel1",2E-07,0.9999,9.97911E-05,0.5,9.9791E-5,1.99662E-11,1,9.97911E-05,9.9991E-06,4.5,1,9.71573,0.125001,0.125,0.124999,0.124999,0.124999,0.125,0.125,0.125001,1,1,0.937499,0.937499,,,1.99662E-11,,,,,2.79751E-24,2.79639E-17,5.6E-24,1,10.0001,9.9998,19.9999,0.00011077,10.0001,9.9998,9.97912E-06,9.9791E-5,1.997E-11,9.97911E-5,9.97911E-05,1.99662E-11,9.0792E-05,0.000100771,1E-06,8.9792E-05,8.9792E-05,0,0,1.9966E-11,1.875,2.79751E-24,2.79639E-17,5.59501E-24,1,0,-1.17558E-15,0.102831,0.127187,0.135106,0.134876,0.134876,0.135106,0.127187,0.102831,0.102831,0.127187,0.135106,0.134876,0.134876,0.135106,0.127187,0.102831,9.97911E-5,1.99662E-11,0.9999,9.97911E-05,1.99662E-11,2.79751E-24,2.79639E-17,1.2449E-39,5.595E-24
"Risk Neutral CM 1 UPC 1E-06 DM 2","0","451","PrecLevel2",2E-07,0.999909,9.058E-05,0.5,9.058E-05,1.81232E-11,1,9.058E-05,9.99919E-06,4.5,2,8.69971,0.125001,0.125,0.124999,0.124999,0.124999,0.125,0.125,0.125001,1,1,0.937499,0.937499,,,1.81232E-11,,,,,2.53928E-24,2.53827E-17,5.08E-24,1,10.0001,9.99982,19.9999,0.000101638,10.0001,9.99982,9.058E-06,9.058E-05,1.812E-11,9.058E-05,9.058E-05,1.81232E-11,8.25808E-05,9.16388E-05,2E-06,8.05808E-05,8.05808E-05,0,0,1.8123E-11,1.875,2.53928E-24,2.53827E-17,5.07857E-24,1,0,0,0.102831,0.127187,0.135106,0.134876,0.134876,0.135106,0.127187,0.102831,0.102831,0.127187,0.135106,0.134876,0.134876,0.135106,0.127187,0.102831,9.058E-05,1.81232E-11,0.999909,9.058E-05,1.81232E-11,2.53928E-24,2.53827E-17,1.0918E-39,5.079E-24
"Risk Neutral CM 1 UPC 1E-06 DM 2","0","451","PrecLevel3",2E-07,0.999918,8.2407E-05,0.5,8.2407E-5,1.64880E-11,1,8.2407E-05,9.99928E-06,4.5,3,7.63774,0.125001,0.125,0.125,0.124999,0.124999,0.125,0.125,0.125001,1,1,0.937499,0.937499,,,1.64880E-11,,,,,2.31017E-24,2.30924E-17,4.62E-24,1,10.0001,9.99983,19.9999,9.36477E-05,10.0001,9.99983,8.2407E-06,8.2407E-5,1.649E-11,8.2407E-05,8.2407E-05,1.64880E-11,7.54077E-05,8.36484E-05,3E-06,7.24077E-05,7.24077E-05,0,0,1.6488E-11,1.875,2.31017E-24,2.30924E-17,4.62033E-24,1,0,-1.64211E-15,0.102831,0.127187,0.135106,0.134876,0.134876,0.135106,0.127187,0.102831,0.102831,0.127187,0.135106,0.134876,0.134876,0.135106,0.127187,0.102831,8.2407E-05,1.64880E-11,0.999918,8.2407E-05,1.64880E-11,2.31017E-24,2.30924E-17,8.8806E-40,4.62E-24
"Risk Neutral CM 1 UPC 1E-06 DM 2","0","451","PrecLevel4",2E-07,0.999925,7.5324E-05,0.5,7.5324E-5,1.50708E-11,1,7.5324E-05,9.99935E-06,4.5,4,6.51712,0.125,0.125,0.125,0.124999,0.124999,0.125,0.125,0.125001,1,1,0.937499,0.937499,,,1.50708E-11,,,,,2.1116E-24,2.11076E-17,4.22E-24,1,10.0001,9.99985,19.9999,8.68564E-05,10.0001,9.99985,7.5324E-06,7.5324E-5,1.507E-11,7.5324E-05,7.5324E-05,1.50708E-11,6.93246E-05,7.6857E-05,4E-06,6.53246E-05,6.53246E-05,0,0,1.5071E-11,1.875,2.1116E-24,2.11076E-17,4.2232E-24,1,0,-2.03285E-15,0.102831,0.127187,0.135106,0.134876,0.134876,0.135106,0.127187,0.102831,0.102831,0.127187,0.135106,0.134876,0.134876,0.135106,0.127187,0.102831,7.5324E-05,1.50708E-11,0.999925,7.5324E-05,1.50708E-11,2.1116E-24,2.11076E-17,8.9182E-40,4.223E-24
"Risk Neutral CM 1 UPC 1E-06 DM 2","0","451","PrecLevel5",2E-07,0.999931,6.9399E-05,0.500001,6.9399E-5,1.38854E-11,1,6.9399E-05,9.99941E-06,4.5,5,5.31717,0.125,0.125,0.125,0.124999,0.124999,0.125,0.125,0.125001,1,1,0.937499,0.937499,,,1.38853E-11,,,,,1.94551E-24,1.94473E-17,3.89E-24,1,10.0001,9.99986,19.9999,8.13389E-05,10.0001,9.99986,6.93991E-06,6.9399E-5,1.389E-11,6.9399E-05,6.9399E-05,1.38854E-11,6.43996E-05,7.13395E-05,5E-06,5.93996E-05,5.93996E-05,0,0,1.3885E-11,1.875,1.94551E-24,1.94473E-17,3.89101E-24,1,0,-1.45685E-15,0.102831,0.127187,0.135106,0.134876,0.134876,0.135106,0.127187,0.102831,0.102831,0.127187,0.135106,0.134876,0.134876,0.135106,0.127187,0.102831,6.9399E-05,1.38854E-11,0.999931,6.9399E-05,1.38853E-11,1.94551E-24,1.94473E-17,7.8903E-40,3.891E-24
"Risk Neutral CM 1 UPC 1E-06 DM 2","0","451","PrecLevel6",2E-07,0.999935,6.47284E-05,0.500001,6.4728E-5,1.29509E-11,1,6.47284E-05,9.99945E-06,4.50001,6,3.99943,0.125,0.125,0.125,0.124999,0.124999,0.125,0.125,0.125001,1,1,0.937499,0.937499,,,1.29508E-11,,,,,1.81457E-24,1.81385E-17,3.63E-24,1,10.0001,9.99986,19.9999,7.72013E-05,10.0001,9.99986,6.47285E-06,6.4728E-5,1.295E-11,6.47284E-5,6.47284E-05,1.29509E-11,6.0729E-05,6.72018E-05,6E-06,5.4729E-05,5.4729E-05,0,0,1.2951E-11,1.875,1.81457E-24,1.81385E-17,3.62914E-24,1,0,-2.63411E-15,0.102831,0.127187,0.135106,0.134876,0.134876,0.135106,0.127187,0.102831,0.102831,0.127187,0.135106,0.134876,0.134876,0.135106,0.127187,0.102831,6.47284E-5,1.29509E-11,0.999935,6.47284E-05,1.29508E-11,1.81457E-24,1.81385E-17,9.8877E-40,3.629E-24
"Risk Neutral CM 1 UPC 1E-06 DM 2","0","451","PrecLevel7",1,0.999939,6.14683E-05,0.500001,6.1468E-5,1.22986E-11,1,6.14683E-05,9.99949E-06,4.50001,7,2.47101,0.125,0.125,0.125,0.124999,0.124999,0.125,0.125,0.125001,1,1,0.937499,0.937499,,,1.22986E-11,,,,,1.72318E-24,1.72249E-17,3.45E-24,1,10.0001,9.99987,19.9999,7.46152E-05,10.0001,9.99987,6.14684E-06,7.2044E-5,1.018E-11,7.20436E-5,9.31942E-05,1.01827E-11,5.84689E-05,6.46157E-05,7E-06,5.14689E-05,4.22603E-05,9.20859E-06,0,1.2299E-11,1.875,1.72318E-24,1.72249E-17,3.44636E-24,0.827955,0,0,0.102831,0.127187,0.135106,0.134876,0.134876,0.135106,0.127187,0.102831,0.102831,0.127187,0.135106,0.134876,0.134876,0.135106,0.127187,0.102831,6.14683E-5,1.22986E-11,0.999939,6.14683E-05,1.22986E-11,1.72318E-24,1.72249E-17,6.6128E-40,3.446E-24
"Risk Neutral CM 1 UPC 1E-06 DM 2","0","451","Rounds1",1E-11,0,1,0.44488,1,1,1,1,0.162677,4.05904,6.99999,2.25638,0.172045,0.154819,0.136934,0.121963,0.110116,0.102344,0.100173,0.101607,1,1,0.937499,0.937499,,,0.999999,,,,,1.40112E-13,1.40056E-06,2.8E-13,1,10.675,7.92499,18.6,1.40001,10.675,7.92499,0.4,1.24704,4.5556E-8,1.24704,1.69756,7.55849E-09,0.83733,1.23733,6.99999E-06,0.837323,0.687513,0.14981,0,0.999999,1.875,1.40112E-13,1.40056E-06,2.80224E-13,0.827956,0,-2.48285E-13,0.131139,0.155774,0.155362,0.141929,0.127526,0.114733,0.0987312,0.0748064,0.131139,0.155774,0.155362,0.141929,0.127526,0.114733,0.0987312,0.0748064,1,1,0,0,0.999999,1.40112E-13,1.40056E-06,5.3769E-29,2.802E-13
"Risk Neutral CM 1 UPC 1E-06 DM 2","0","451","PrePrimary1",0,,,,,,,,,,,,,,,,,,,,,,,,,,,,,,,,,,,,,,,,,,,,,,,,,,,,,,,,,,,,,,,,,,,,,,,,,,,,,,,,,,,,,,
"Risk Neutral CM 1 UPC 1E-06 DM 2","0","451","PrePrimary2",0,,,,,,,,,,,,,,,,,,,,,,,,,,,,,,,,,,,,,,,,,,,,,,,,,,,,,,,,,,,,,,,,,,,,,,,,,,,,,,,,,,,,,,
"Risk Neutral CM 1 UPC 1E-06 DM 2","0","451","PrePrimary3",0,,,,,,,,,,,,,,,,,,,,,,,,,,,,,,,,,,,,,,,,,,,,,,,,,,,,,,,,,,,,,,,,,,,,,,,,,,,,,,,,,,,,,,
"Risk Neutral CM 1 UPC 1E-06 DM 2","0","451","PrePrimary4",0,,,,,,,,,,,,,,,,,,,,,,,,,,,,,,,,,,,,,,,,,,,,,,,,,,,,,,,,,,,,,,,,,,,,,,,,,,,,,,,,,,,,,,
"Risk Neutral CM 1 UPC 1E-06 DM 2","0","451","PrePrimary5",0,,,,,,,,,,,,,,,,,,,,,,,,,,,,,,,,,,,,,,,,,,,,,,,,,,,,,,,,,,,,,,,,,,,,,,,,,,,,,,,,,,,,,,
"Risk Neutral CM 1 UPC 1E-06 DM 2","0","451","PrePrimary6",0,,,,,,,,,,,,,,,,,,,,,,,,,,,,,,,,,,,,,,,,,,,,,,,,,,,,,,,,,,,,,,,,,,,,,,,,,,,,,,,,,,,,,,
"Risk Neutral CM 1 UPC 1E-06 DM 2","0","451","PrePrimary7",0,,,,,,,,,,,,,,,,,,,,,,,,,,,,,,,,,,,,,,,,,,,,,,,,,,,,,,,,,,,,,,,,,,,,,,,,,,,,,,,,,,,,,,
"Risk Neutral CM 1 UPC 1E-06 DM 2","0","451","PrePrimary8",0,,,,,,,,,,,,,,,,,,,,,,,,,,,,,,,,,,,,,,,,,,,,,,,,,,,,,,,,,,,,,,,,,,,,,,,,,,,,,,,,,,,,,,
"Risk Neutral CM 1 UPC 1E-06 DM 2","0","451","PrePrimary9",0,,,,,,,,,,,,,,,,,,,,,,,,,,,,,,,,,,,,,,,,,,,,,,,,,,,,,,,,,,,,,,,,,,,,,,,,,,,,,,,,,,,,,,
"Risk Neutral CM 1 UPC 1E-06 DM 2","0","451","PrePrimary10",0,,,,,,,,,,,,,,,,,,,,,,,,,,,,,,,,,,,,,,,,,,,,,,,,,,,,,,,,,,,,,,,,,,,,,,,,,,,,,,,,,,,,,,
"Risk Neutral CM 1 UPC 1E-06 DM 2","0","451","Truly Liable",5.1E-5,0,1,0.524337,1,2.0008E-07,1,1,0.169626,4.69469,6.99999,2.53628,3.47212E-07,0.186989,0.165389,0.147306,0.132998,0.12361,0.120988,0.12272,1,1,0.937499,0.937499,,,2.0008E-07,,,,,2.80336E-20,2.80224E-13,5.61E-20,1,10.9,7.99999,18.9,1.10001,10.9,7.99999,0.1,1,2.0008E-7,1,1,2.0008E-07,0.830381,0.930381,6.99999E-06,0.830374,0.830374,0,0,2.0008E-07,1.875,2.80336E-20,2.80224E-13,5.60672E-20,1,0,-4.68330E-14,0.0746044,0.119322,0.149813,0.157755,0.150848,0.138106,0.119204,0.0903482,0.0746044,0.119322,0.149813,0.157755,0.150848,0.138106,0.119204,0.0903482,1,2.0008E-07,2.0008E-07,1,2.0008E-07,2.80336E-20,2.80224E-13,7.5379E-36,5.607E-20
"Risk Neutral CM 1 UPC 1E-06 DM 2","0","451","Truly Not Liable",1.1E-5,0,1,0.0625,1,2.0008E-07,1,1,0.129237,1,7,0.909393,1,0,0,0,0,0,0,0,1,1,0.937499,0.937499,,,2.0008E-07,,,,,2.80336E-20,2.80224E-13,5.61E-20,1,10.9,7.99999,18.9,1.10001,10.9,7.99999,0.1,2,0,2,4,0,0.87077,0.970771,7E-06,0.870763,0,0.870763,0,2.0008E-07,1.875,2.80336E-20,2.80224E-13,5.60672E-20,0,0,-7.94514E-15,0.403208,0.331196,0.182067,0.0657657,0.0152921,0.00225146,0.000208421,1.21382E-05,0.403208,0.331196,0.182067,0.0657657,0.0152921,0.00225146,0.000208421,1.21382E-05,1,2.0008E-07,2.0008E-07,1,2.0008E-07,2.80336E-20,2.80224E-13,2.6255E-35,5.607E-20
"Risk Neutral CM 1 UPC 1E-06 DM 2","0","451","Liability Strength1",0.125,0.999915,8.46024E-05,0.0625,8.4602E-5,1.69272E-11,1,8.46024E-05,1.09337E-05,1,6.99999,0.909398,1,0,0,0,0,0,0,0,1,1,0.937499,0.937499,,,1.69272E-11,,,,,2.37171E-24,2.37076E-17,4.74E-24,1,10.0001,9.99982,19.9999,0.000100063,10.0001,9.99982,8.46024E-06,0.0001692,0,0.0001692,0.000338409,0,8.06689E-05,8.91291E-05,7.00019E-06,7.36687E-05,1.26052E-10,7.36685E-05,0,1.6927E-11,1.875,2.37171E-24,2.37076E-17,4.74342E-24,1.67094E-06,0,0.936725,0.22452,0.243919,0.207842,0.14645,0.089872,0.049882,0.0255105,0.0120034,0.394014,0.326145,0.184955,0.071839,0.019103,0.00347584,0.000432502,3.678E-05,8.46024E-5,1.69272E-11,0.999915,8.46024E-05,1.69272E-11,2.37171E-24,2.37076E-17,2.2212E-39,4.743E-24
"Risk Neutral CM 1 UPC 1E-06 DM 2","0","451","Liability Strength2",0.125,0.999924,7.61317E-05,0.1875,7.6132E-5,1.52324E-11,1,7.61317E-05,1.01953E-05,2,6.99999,1.2395,0,1,0,0,0,0,0,0,1,1,0.937499,0.937499,,,1.52324E-11,,,,,2.13425E-24,2.13339E-17,4.27E-24,1,10.0001,9.99984,19.9999,9.07451E-05,10.0001,9.99984,7.61318E-06,7.6132E-5,1.523E-11,7.61317E-5,7.61317E-05,1.52324E-11,7.29366E-05,8.05498E-05,7.00019E-06,6.59364E-05,6.59364E-05,0,0,1.5232E-11,1.875,2.13425E-24,2.13339E-17,4.26849E-24,1,0,0.708303,0.194115,0.219714,0.199291,0.153453,0.105573,0.0669785,0.0395251,0.0213513,0.245941,0.297121,0.245941,0.139472,0.0541726,0.0144052,0.00262107,0.000326143,7.61317E-5,1.52324E-11,0.999924,7.61317E-05,1.52324E-11,2.13425E-24,2.13339E-17,1.5634E-39,4.268E-24
"Risk Neutral CM 1 UPC 1E-06 DM 2","0","451","Liability Strength3",0.125,0.999933,6.73373E-05,0.3125,6.7337E-5,1.34729E-11,1,6.73373E-05,9.57531E-06,3,6.99999,1.62044,0,0,1,0,0,0,0,0,1,1,0.937499,0.937499,,,1.34728E-11,,,,,1.88771E-24,1.88695E-17,3.78E-24,1,10.0001,9.99986,19.9999,8.10712E-05,10.0001,9.99986,6.73373E-06,6.7337E-5,1.347E-11,6.73373E-5,6.73373E-05,1.34729E-11,6.47622E-05,7.14959E-05,7.00019E-06,5.7762E-05,5.7762E-05,0,0,1.3473E-11,1.875,1.88771E-24,1.88695E-17,3.77541E-24,1,0,0.437054,0.153946,0.184876,0.18293,0.158247,0.125175,0.0924019,0.0633479,0.039076,0.122436,0.2159,0.260828,0.2159,0.122435,0.0475554,0.0126456,0.00230091,6.73373E-5,1.34729E-11,0.999933,6.73373E-05,1.34728E-11,1.88771E-24,1.88695E-17,9.0831E-40,3.775E-24
"Risk Neutral CM 1 UPC 1E-06 DM 2","0","451","Liability Strength4",0.125,0.99994,5.99752E-05,0.4375,5.9975E-5,1.19998E-11,1,5.99752E-05,9.29326E-06,4,6.99999,2.05773,0,0,0,1,0,0,0,0,1,1,0.937499,0.937499,,,1.19998E-11,,,,,1.68132E-24,1.68065E-17,3.36E-24,1,10.0001,9.99987,19.9999,7.29729E-05,10.0001,9.99987,5.99752E-06,5.9975E-5,1.2E-11,5.99752E-5,5.99751E-05,1.19998E-11,5.76821E-05,6.36796E-05,7.00019E-06,5.06819E-05,5.06819E-05,0,0,1.2E-11,1.875,1.68132E-24,1.68065E-17,3.36264E-24,1,0,0.14667,0.109094,0.141948,0.157031,0.156097,0.144139,0.12449,0.0986552,0.0685453,0.0454968,0.117135,0.206553,0.249535,0.206552,0.117134,0.0454963,0.0120981,5.99751E-5,1.19998E-11,0.99994,5.99751E-05,1.19998E-11,1.68132E-24,1.68065E-17,4.1809E-40,3.363E-24
"Risk Neutral CM 1 UPC 1E-06 DM 2","0","451","Liability Strength5",0.125,0.999946,5.41495E-05,0.5625,5.4149E-5,1.08342E-11,1,5.41495E-05,9.29332E-06,5,6.99999,2.55719,0,0,0,0,1,0,0,0,1,1,0.937499,0.937499,,,1.08342E-11,,,,,1.51801E-24,1.5174E-17,3.04E-24,1,10,9.99988,19.9999,6.65647E-05,10,9.99988,5.41495E-06,5.4149E-5,1.083E-11,5.41495E-5,5.41495E-05,1.08342E-11,5.18564E-05,5.72713E-05,7.00019E-06,4.48562E-05,4.48562E-05,0,0,1.0834E-11,1.875,1.51801E-24,1.5174E-17,3.03601E-24,1,0,-0.146649,0.0685446,0.0986548,0.12449,0.144139,0.156096,0.157031,0.141949,0.109095,0.0120983,0.045497,0.117135,0.206553,0.249535,0.206552,0.117134,0.0454962,5.41495E-5,1.08342E-11,0.999946,5.41495E-05,1.08342E-11,1.51801E-24,1.5174E-17,1.4157E-40,3.036E-24
"Risk Neutral CM 1 UPC 1E-06 DM 2","0","451","Liability Strength6",0.125,0.99995,5.03272E-05,0.6875,5.0327E-5,1.00695E-11,1,5.03272E-05,9.57546E-06,6,6.99999,3.12498,0,0,0,0,0,1,0,0,1,1,0.937499,0.937499,,,1.00694E-11,,,,,1.41085E-24,1.41029E-17,2.82E-24,1,10,9.99989,19.9999,6.23601E-05,10,9.99989,5.03272E-06,5.0327E-5,1.007E-11,5.03272E-5,5.03272E-05,1.00695E-11,4.77519E-05,5.27846E-05,7.00019E-06,4.07517E-05,4.07517E-05,0,0,1.0069E-11,1.875,1.41085E-24,1.41029E-17,2.8217E-24,1,0,-0.437042,0.0390758,0.0633479,0.0924023,0.125176,0.158246,0.182929,0.184876,0.153947,0.00230097,0.0126459,0.0475561,0.122436,0.215901,0.260827,0.215899,0.122434,5.03272E-5,1.00695E-11,0.99995,5.03272E-05,1.00694E-11,1.41085E-24,1.41029E-17,3.2197E-41,2.822E-24
"Risk Neutral CM 1 UPC 1E-06 DM 2","0","451","Liability Strength7",0.125,0.999951,4.92595E-05,0.8125,4.9259E-5,9.85583E-12,1,4.92595E-05,1.01955E-05,7,6.99999,3.76749,0,0,0,0,0,0,1,0,1,1,0.937499,0.937499,,,9.85582E-12,,,,,1.38092E-24,1.38037E-17,2.76E-24,1,10,9.99989,19.9999,6.11856E-05,10,9.99989,4.92595E-06,4.9259E-5,9.856E-12,4.92595E-5,4.92595E-05,9.85584E-12,4.60641E-05,5.09901E-05,7.00019E-06,3.90639E-05,3.90639E-05,0,0,9.8558E-12,1.875,1.38092E-24,1.38037E-17,2.76184E-24,1,0,-0.708305,0.0213513,0.0395253,0.0669792,0.105574,0.153454,0.19929,0.219712,0.194114,0.000326153,0.00262115,0.0144055,0.0541734,0.139473,0.245942,0.29712,0.24594,4.92595E-5,9.85583E-12,0.999951,4.92594E-05,9.85582E-12,1.38092E-24,1.38037E-17,4.8718E-42,2.762E-24
"Risk Neutral CM 1 UPC 1E-06 DM 2","0","451","Liability Strength8",0.125,0.99995,4.99643E-05,0.9375,4.9964E-5,9.99686E-12,1,4.99643E-05,1.0934E-05,8,6.99999,4.49135,0,0,0,0,0,0,0,1,1,1,0.937499,0.937499,,,9.99685E-12,,,,,1.40068E-24,1.40012E-17,2.8E-24,1,10,9.99989,19.9999,6.1961E-05,10,9.99989,4.99643E-06,4.9964E-5,9.997E-12,4.99643E-5,4.99643E-05,9.99686E-12,4.60306E-05,5.1027E-05,7.00019E-06,3.90304E-05,3.90304E-05,0,0,9.9968E-12,1.875,1.40068E-24,1.40012E-17,2.80136E-24,1,0,-0.936743,0.0120034,0.0255108,0.0498829,0.0898739,0.146453,0.207844,0.243918,0.224515,3.67814E-05,0.000432516,0.00347593,0.0191033,0.0718398,0.184955,0.326144,0.394012,4.99643E-5,9.99686E-12,0.99995,4.99643E-05,9.99685E-12,1.40068E-24,1.40012E-17,5.3226E-43,2.801E-24
"Risk Neutral CM 1 UPC 1E-06 DM 2","0","451","PLiabilitySignal1",0.1028,0.999922,7.83896E-05,0.29209,7.839E-05,1.56842E-11,1,7.83896E-05,9.99931E-06,2.83672,6.99999,1.64162,0.272924,0.235963,0.187134,0.132612,0.0833215,0.0474999,0.0259544,0.0145914,1,1,0.937499,0.937499,,,1.56842E-11,,,,,2.19754E-24,2.19666E-17,4.4E-24,1,10.0001,9.99984,19.9999,9.32287E-05,10.0001,9.99984,7.83896E-06,0.0001199,7.388E-12,0.00011986,0.000202789,7.38758E-12,7.53905E-05,8.32294E-05,7.00019E-06,6.83903E-05,3.21424E-05,3.62478E-05,0,1.5684E-11,1.875,2.19754E-24,2.19666E-17,4.39508E-24,0.471021,0,-1.50627,1,0,0,0,0,0,0,0,0.283165,0.284353,0.214217,0.12544,0.0593233,0.0234005,0.00784805,0.00225338,7.83896E-5,1.56842E-11,0.999922,7.83895E-05,1.56842E-11,2.19754E-24,2.19666E-17,2.7532E-39,4.395E-24
"Risk Neutral CM 1 UPC 1E-06 DM 2","0","451","PLiabilitySignal2",0.1272,0.999925,7.52841E-05,0.325695,7.5284E-5,1.50628E-11,1,7.52841E-05,9.99935E-06,3.10556,6.99999,1.76861,0.239726,0.215936,0.181697,0.139507,0.0969581,0.0622586,0.0388459,0.0250724,1,1,0.937499,0.937499,,,1.50628E-11,,,,,2.11048E-24,2.10964E-17,4.22E-24,1,10.0001,9.99984,19.9999,8.98127E-05,10.0001,9.99984,7.52841E-06,0.0001028,9.553E-12,0.00010282,0.000157899,9.55301E-12,7.22849E-05,7.98134E-05,7.00019E-06,6.52847E-05,4.1294E-05,2.39908E-05,0,1.5063E-11,1.875,2.11048E-24,2.10964E-17,4.22097E-24,0.63421,0,-0.837045,0,1,0,0,0,0,0,0,0.2299,0.252798,0.216092,0.149198,0.0859312,0.0420859,0.01765,0.00634518,7.52841E-5,1.50628E-11,0.999925,7.52841E-05,1.50628E-11,2.11048E-24,2.10964E-17,1.5181E-39,4.221E-24
"Risk Neutral CM 1 UPC 1E-06 DM 2","0","451","PLiabilitySignal3",0.1351,0.999929,7.06841E-05,0.380222,7.0684E-5,1.41425E-11,1,7.06841E-05,9.99939E-06,3.54178,6.99999,1.97907,0.192295,0.184383,0.169246,0.145285,0.115178,0.0854905,0.0619694,0.0461521,1,1,0.937499,0.937499,,,1.41425E-11,,,,,1.98153E-24,1.98074E-17,3.96E-24,1,10.0001,9.99985,19.9999,8.47527E-05,10.0001,9.99985,7.06841E-06,8.4935E-5,1.129E-11,8.49352E-5,0.000113437,1.12911E-11,6.76849E-05,7.47533E-05,7.00019E-06,6.06847E-05,4.83262E-05,1.23586E-05,0,1.4142E-11,1.875,1.98153E-24,1.98074E-17,3.96306E-24,0.798383,0,-0.36328,0,0,1,0,0,0,0,0,0.163043,0.203426,0.205016,0.172371,0.123246,0.0754669,0.0396191,0.0178105,7.06841E-5,1.41425E-11,0.999929,7.06841E-05,1.41425E-11,1.98153E-24,1.98074E-17,7.9735E-40,3.963E-24
"Risk Neutral CM 1 UPC 1E-06 DM 2","0","451","PLiabilitySignal4",0.1349,0.999935,6.46824E-05,0.456755,6.4682E-5,1.29417E-11,1,6.46824E-05,9.99945E-06,4.15404,6.99999,2.2819,0.135727,0.142216,0.146659,0.144666,0.133584,0.11601,0.097844,0.0832938,1,1,0.937499,0.937499,,,1.29416E-11,,,,,1.81328E-24,1.81256E-17,3.63E-24,1,10.0001,9.99986,19.9999,7.81509E-05,10.0001,9.99986,6.46825E-06,6.9839E-5,1.191E-11,6.98389E-5,8.0152E-05,1.19099E-11,6.16832E-05,6.81514E-05,7.00019E-06,5.4683E-05,5.02375E-05,4.44543E-06,0,1.2942E-11,1.875,1.81328E-24,1.81256E-17,3.62656E-24,0.920279,0,-0.0910439,0,0,0,1,0,0,0,0,0.0956372,0.140692,0.172665,0.180209,0.16108,0.123456,0.0810322,0.0452287,6.46824E-5,1.29417E-11,0.999935,6.46824E-05,1.29416E-11,1.81328E-24,1.81256E-17,4.3776E-40,3.627E-24
"Risk Neutral CM 1 UPC 1E-06 DM 2","0","451","PLiabilitySignal5",0.1349,0.999942,5.81188E-05,0.543249,5.8119E-5,1.16284E-11,1,5.81188E-05,9.99952E-06,4.84599,6.99999,2.63355,0.0832913,0.0978424,0.116009,0.133584,0.144666,0.146659,0.142218,0.135731,1,1,0.937499,0.937499,,,1.16284E-11,,,,,1.62928E-24,1.62863E-17,3.26E-24,1,10.0001,9.99988,19.9999,7.09308E-05,10.0001,9.99988,5.81188E-06,5.9318E-5,1.139E-11,5.93178E-5,6.17158E-05,1.13885E-11,5.51194E-05,6.09313E-05,7.00019E-06,4.81192E-05,4.70931E-05,1.02617E-06,0,1.1628E-11,1.875,1.62928E-24,1.62863E-17,3.25856E-24,0.97937,0,0.0910439,0,0,0,0,1,0,0,0,0.0452287,0.0810322,0.123456,0.16108,0.180209,0.172665,0.140692,0.0956372,5.81187E-5,1.16284E-11,0.999942,5.81187E-05,1.16284E-11,1.62928E-24,1.62863E-17,1.1023E-40,3.259E-24
"Risk Neutral CM 1 UPC 1E-06 DM 2","0","451","PLiabilitySignal6",0.1351,0.999948,5.21996E-05,0.61978,5.22E-05,1.04441E-11,1,5.21996E-05,9.99958E-06,5.45824,6.99999,2.95307,0.0461509,0.0619684,0.08549,0.115178,0.145285,0.169246,0.184384,0.192299,1,1,0.937499,0.937499,,,1.04441E-11,,,,,1.46334E-24,1.46276E-17,2.93E-24,1,10,9.99989,19.9999,6.44198E-05,10,9.99989,5.21996E-06,5.2376E-5,1.041E-11,5.23758E-5,5.27283E-05,1.04088E-11,4.92002E-05,5.44202E-05,7.00019E-06,4.22E-05,4.20505E-05,1.49523E-07,0,1.0444E-11,1.875,1.46334E-24,1.46276E-17,2.92669E-24,0.996624,0,0.36328,0,0,0,0,0,1,0,0,0.0178105,0.0396191,0.0754669,0.123246,0.172371,0.205016,0.203426,0.163043,5.21996E-5,1.04441E-11,0.999948,5.21996E-05,1.04441E-11,1.46334E-24,1.46276E-17,1.6061E-41,2.927E-24
"Risk Neutral CM 1 UPC 1E-06 DM 2","0","451","PLiabilitySignal7",0.1272,0.999952,4.7716E-05,0.674306,4.7716E-5,9.54701E-12,1,4.7716E-05,9.99962E-06,5.89445,6.99999,3.18612,0.0250719,0.0388455,0.0622585,0.0969585,0.139507,0.181697,0.215935,0.239726,1,1,0.937499,0.937499,,,9.54700E-12,,,,,1.33765E-24,1.33711E-17,2.68E-24,1,10,9.9999,19.9999,5.94878E-05,10,9.9999,4.7716E-06,4.7733E-5,9.544E-12,4.77333E-5,4.77679E-05,9.54354E-12,4.47165E-05,4.94881E-05,7.00019E-06,3.77163E-05,3.77018E-05,1.45563E-08,0,9.5470E-12,1.875,1.33765E-24,1.33711E-17,2.6753E-24,0.999637,0,0.837045,0,0,0,0,0,0,1,0,0.00634518,0.01765,0.0420859,0.0859312,0.149198,0.216092,0.252798,0.2299,4.7716E-05,9.54701E-12,0.999952,4.77159E-05,9.54700E-12,1.33765E-24,1.33711E-17,9.3135E-42,2.675E-24
"Risk Neutral CM 1 UPC 1E-06 DM 2","0","451","PLiabilitySignal8",0.1028,0.999955,4.47163E-05,0.707909,4.4716E-5,8.94683E-12,1,4.47163E-05,9.99965E-06,6.16327,6.99999,3.33255,0.0145911,0.0259543,0.0475,0.0833224,0.132614,0.187136,0.235963,0.27292,1,1,0.937499,0.937499,,,8.94682E-12,,,,,1.25356E-24,1.25306E-17,2.51E-24,1,10,9.9999,19.9999,5.61881E-05,10,9.9999,4.47163E-06,4.4718E-5,8.947E-12,4.47175E-5,4.472E-05,8.94659E-12,4.17168E-05,4.61885E-05,7.00019E-06,3.47166E-05,3.47156E-05,1.03661E-09,0,8.9468E-12,1.875,1.25356E-24,1.25306E-17,2.50712E-24,0.999972,0,1.50627,0,0,0,0,0,0,0,1,0.00225338,0.00784805,0.0234005,0.0593233,0.12544,0.214217,0.284353,0.283165,4.47163E-5,8.94683E-12,0.999955,4.47163E-05,8.94682E-12,1.25356E-24,1.25306E-17,8.6066E-43,2.507E-24
"Risk Neutral CM 1 UPC 1E-06 DM 2","0","451","DLiabilitySignal1",0.1028,0.999922,7.83896E-05,0.167255,7.839E-05,1.56842E-11,1,7.83896E-05,9.99931E-06,1.83804,6.99999,1.20914,0.478958,0.298962,0.14883,0.055305,0.0147065,0.00279702,0.000396469,4.47114E-05,1,1,0.937499,0.937499,,,1.56842E-11,,,,,2.19754E-24,2.19666E-17,4.4E-24,1,10.0001,9.99984,19.9999,9.32287E-05,10.0001,9.99984,7.83896E-06,0.0001199,7.388E-12,0.00011986,0.000202789,7.38758E-12,7.53905E-05,8.32294E-05,7.00019E-06,6.83903E-05,3.21424E-05,3.62478E-05,0,1.5684E-11,1.875,2.19754E-24,2.19666E-17,4.39508E-24,0.471021,0,1.50627,0.283165,0.284353,0.214217,0.12544,0.0593233,0.0234005,0.00784805,0.00225338,1,0,0,0,0,0,0,0,7.83896E-5,1.56842E-11,0.999922,7.83895E-05,1.56842E-11,2.19754E-24,2.19666E-17,2.7532E-39,4.395E-24
"Risk Neutral CM 1 UPC 1E-06 DM 2","0","451","DLiabilitySignal2",0.1272,0.999925,7.52841E-05,0.227647,7.5284E-5,1.50628E-11,1,7.52841E-05,9.99935E-06,2.32118,6.99999,1.39896,0.320537,0.292011,0.212187,0.11512,0.0447145,0.0124284,0.00257609,0.000425084,1,1,0.937499,0.937499,,,1.50628E-11,,,,,2.11048E-24,2.10964E-17,4.22E-24,1,10.0001,9.99984,19.9999,8.98127E-05,10.0001,9.99984,7.52841E-06,0.0001028,9.553E-12,0.00010282,0.000157899,9.55301E-12,7.22849E-05,7.98134E-05,7.00019E-06,6.52847E-05,4.1294E-05,2.39908E-05,0,1.5063E-11,1.875,2.11048E-24,2.10964E-17,4.22097E-24,0.63421,0,0.837045,0.2299,0.252798,0.216092,0.149198,0.0859312,0.0420859,0.01765,0.00634518,0,1,0,0,0,0,0,0,7.52841E-5,1.50628E-11,0.999925,7.52841E-05,1.50628E-11,2.11048E-24,2.10964E-17,1.5181E-39,4.221E-24
"Risk Neutral CM 1 UPC 1E-06 DM 2","0","451","DLiabilitySignal3",0.1351,0.999929,7.06841E-05,0.317431,7.0684E-5,1.41425E-11,1,7.06841E-05,9.99939E-06,3.03945,6.99999,1.70122,0.17112,0.227545,0.241317,0.191102,0.108373,0.0439989,0.0133281,0.00321597,1,1,0.937499,0.937499,,,1.41425E-11,,,,,1.98153E-24,1.98074E-17,3.96E-24,1,10.0001,9.99985,19.9999,8.47527E-05,10.0001,9.99985,7.06841E-06,8.4935E-5,1.129E-11,8.49352E-5,0.000113437,1.12911E-11,6.76849E-05,7.47533E-05,7.00019E-06,6.06847E-05,4.83262E-05,1.23586E-05,0,1.4142E-11,1.875,1.98153E-24,1.98074E-17,3.96306E-24,0.798383,0,0.36328,0.163043,0.203426,0.205016,0.172371,0.123246,0.0754669,0.0396191,0.0178105,0,0,1,0,0,0,0,0,7.06841E-5,1.41425E-11,0.999929,7.06841E-05,1.41425E-11,1.98153E-24,1.98074E-17,7.9735E-40,3.963E-24
"Risk Neutral CM 1 UPC 1E-06 DM 2","0","451","DLiabilitySignal4",0.1349,0.999935,6.46824E-05,0.435183,6.4682E-5,1.29417E-11,1,6.46824E-05,9.99945E-06,3.98146,6.99999,2.13366,0.0665787,0.129259,0.20009,0.231262,0.191428,0.113471,0.0502068,0.0177047,1,1,0.937499,0.937499,,,1.29416E-11,,,,,1.81328E-24,1.81256E-17,3.63E-24,1,10.0001,9.99986,19.9999,7.81509E-05,10.0001,9.99986,6.46825E-06,6.9839E-5,1.191E-11,6.98389E-5,8.0152E-05,1.19099E-11,6.16832E-05,6.81514E-05,7.00019E-06,5.4683E-05,5.02375E-05,4.44543E-06,0,1.2942E-11,1.875,1.81328E-24,1.81256E-17,3.62656E-24,0.920279,0,0.0910439,0.0956372,0.140692,0.172665,0.180209,0.16108,0.123456,0.0810322,0.0452287,0,0,0,1,0,0,0,0,6.46824E-5,1.29417E-11,0.999935,6.46824E-05,1.29416E-11,1.81328E-24,1.81256E-17,4.3776E-40,3.627E-24
"Risk Neutral CM 1 UPC 1E-06 DM 2","0","451","DLiabilitySignal5",0.1349,0.999942,5.81188E-05,0.564819,5.8119E-5,1.16284E-11,1,5.81188E-05,9.99952E-06,5.01855,6.99999,2.65879,0.0177042,0.0502058,0.11347,0.191427,0.231262,0.200091,0.12926,0.0665801,1,1,0.937499,0.937499,,,1.16284E-11,,,,,1.62928E-24,1.62863E-17,3.26E-24,1,10.0001,9.99988,19.9999,7.09308E-05,10.0001,9.99988,5.81188E-06,5.9318E-5,1.139E-11,5.93178E-5,6.17158E-05,1.13885E-11,5.51194E-05,6.09313E-05,7.00019E-06,4.81192E-05,4.70931E-05,1.02617E-06,0,1.1628E-11,1.875,1.62928E-24,1.62863E-17,3.25856E-24,0.97937,0,-0.0910439,0.0452287,0.0810322,0.123456,0.16108,0.180209,0.172665,0.140692,0.0956372,0,0,0,0,1,0,0,0,5.81187E-5,1.16284E-11,0.999942,5.81187E-05,1.16284E-11,1.62928E-24,1.62863E-17,1.1023E-40,3.259E-24
"Risk Neutral CM 1 UPC 1E-06 DM 2","0","451","DLiabilitySignal6",0.1351,0.999948,5.21996E-05,0.68257,5.22E-05,1.04441E-11,1,5.21996E-05,9.99958E-06,5.96056,6.99999,3.18238,0.00321585,0.0133277,0.0439981,0.108372,0.191101,0.241317,0.227546,0.171123,1,1,0.937499,0.937499,,,1.04441E-11,,,,,1.46334E-24,1.46276E-17,2.93E-24,1,10,9.99989,19.9999,6.44198E-05,10,9.99989,5.21996E-06,5.2376E-5,1.041E-11,5.23758E-5,5.27283E-05,1.04088E-11,4.92002E-05,5.44202E-05,7.00019E-06,4.22E-05,4.20505E-05,1.49523E-07,0,1.0444E-11,1.875,1.46334E-24,1.46276E-17,2.92669E-24,0.996624,0,-0.36328,0.0178105,0.0396191,0.0754669,0.123246,0.172371,0.205016,0.203426,0.163043,0,0,0,0,0,1,0,0,5.21996E-5,1.04441E-11,0.999948,5.21996E-05,1.04441E-11,1.46334E-24,1.46276E-17,1.6061E-41,2.927E-24
"Risk Neutral CM 1 UPC 1E-06 DM 2","0","451","DLiabilitySignal7",0.1272,0.999952,4.7716E-05,0.772354,4.7716E-5,9.54701E-12,1,4.7716E-05,9.99962E-06,6.67883,6.99999,3.613,0.000425065,0.002576,0.0124281,0.0447138,0.115119,0.212186,0.292012,0.32054,1,1,0.937499,0.937499,,,9.54700E-12,,,,,1.33765E-24,1.33711E-17,2.68E-24,1,10,9.9999,19.9999,5.94878E-05,10,9.9999,4.7716E-06,4.7733E-5,9.544E-12,4.77333E-5,4.77679E-05,9.54354E-12,4.47165E-05,4.94881E-05,7.00019E-06,3.77163E-05,3.77018E-05,1.45563E-08,0,9.5470E-12,1.875,1.33765E-24,1.33711E-17,2.6753E-24,0.999637,0,-0.837045,0.00634518,0.01765,0.0420859,0.0859312,0.149198,0.216092,0.252798,0.2299,0,0,0,0,0,0,1,0,4.7716E-05,9.54701E-12,0.999952,4.77159E-05,9.54700E-12,1.33765E-24,1.33711E-17,9.3135E-42,2.675E-24
"Risk Neutral CM 1 UPC 1E-06 DM 2","0","451","DLiabilitySignal8",0.1028,0.999955,4.47163E-05,0.832746,4.4716E-5,8.94683E-12,1,4.47163E-05,9.99965E-06,7.16197,6.99999,3.91935,4.47093E-05,0.000396454,0.00279694,0.0147062,0.0553043,0.148829,0.298962,0.47896,1,1,0.937499,0.937499,,,8.94682E-12,,,,,1.25356E-24,1.25306E-17,2.51E-24,1,10,9.9999,19.9999,5.61881E-05,10,9.9999,4.47163E-06,4.4718E-5,8.947E-12,4.47175E-5,4.472E-05,8.94659E-12,4.17168E-05,4.61885E-05,7.00019E-06,3.47166E-05,3.47156E-05,1.03661E-09,0,8.9468E-12,1.875,1.25356E-24,1.25306E-17,2.50712E-24,0.999972,0,-1.50627,0.00225338,0.00784805,0.0234005,0.0593233,0.12544,0.214217,0.284353,0.283165,0,0,0,0,0,0,0,1,4.47163E-5,8.94683E-12,0.999955,4.47163E-05,8.94682E-12,1.25356E-24,1.25306E-17,8.6066E-43,2.507E-24
"Risk Neutral CM 1 UPC 1E-06 DM 2","0","451","High Quality",0.125,0.99995,4.99643E-05,0.9375,4.9964E-5,9.99686E-12,1,4.99643E-05,1.0934E-05,8,6.99999,4.49135,0,0,0,0,0,0,0,1,1,1,0.937499,0.937499,,,9.99685E-12,,,,,1.40068E-24,1.40012E-17,2.8E-24,1,10,9.99989,19.9999,6.1961E-05,10,9.99989,4.99643E-06,4.9964E-5,9.997E-12,4.99643E-5,4.99643E-05,9.99686E-12,4.60306E-05,5.1027E-05,7.00019E-06,3.90304E-05,3.90304E-05,0,0,9.9968E-12,1.875,1.40068E-24,1.40012E-17,2.80136E-24,1,0,-0.936743,0.0120034,0.0255108,0.0498829,0.0898739,0.146453,0.207844,0.243918,0.224515,3.67814E-05,0.000432516,0.00347593,0.0191033,0.0718398,0.184955,0.326144,0.394012,4.99643E-5,9.99686E-12,0.99995,4.99643E-05,9.99685E-12,1.40068E-24,1.40012E-17,5.3226E-43,2.801E-24
"Risk Neutral CM 1 UPC 1E-06 DM 2","0","451","PLiabilitySignal 1",0.1028,0.999922,7.83896E-05,0.29209,7.839E-05,1.56842E-11,1,7.83896E-05,9.99931E-06,2.83672,6.99999,1.64162,0.272924,0.235963,0.187134,0.132612,0.0833215,0.0474999,0.0259544,0.0145914,1,1,0.937499,0.937499,,,1.56842E-11,,,,,2.19754E-24,2.19666E-17,4.4E-24,1,10.0001,9.99984,19.9999,9.32287E-05,10.0001,9.99984,7.83896E-06,0.0001199,7.388E-12,0.00011986,0.000202789,7.38758E-12,7.53905E-05,8.32294E-05,7.00019E-06,6.83903E-05,3.21424E-05,3.62478E-05,0,1.5684E-11,1.875,2.19754E-24,2.19666E-17,4.39508E-24,0.471021,0,-1.50627,1,0,0,0,0,0,0,0,0.283165,0.284353,0.214217,0.12544,0.0593233,0.0234005,0.00784805,0.00225338,7.83896E-5,1.56842E-11,0.999922,7.83895E-05,1.56842E-11,2.19754E-24,2.19666E-17,2.7532E-39,4.395E-24
"Risk Neutral CM 1 UPC 1E-06 DM 2","0","451","PLiabilitySignal 2",0.1272,0.999925,7.52841E-05,0.325695,7.5284E-5,1.50628E-11,1,7.52841E-05,9.99935E-06,3.10556,6.99999,1.76861,0.239726,0.215936,0.181697,0.139507,0.0969581,0.0622586,0.0388459,0.0250724,1,1,0.937499,0.937499,,,1.50628E-11,,,,,2.11048E-24,2.10964E-17,4.22E-24,1,10.0001,9.99984,19.9999,8.98127E-05,10.0001,9.99984,7.52841E-06,0.0001028,9.553E-12,0.00010282,0.000157899,9.55301E-12,7.22849E-05,7.98134E-05,7.00019E-06,6.52847E-05,4.1294E-05,2.39908E-05,0,1.5063E-11,1.875,2.11048E-24,2.10964E-17,4.22097E-24,0.63421,0,-0.837045,0,1,0,0,0,0,0,0,0.2299,0.252798,0.216092,0.149198,0.0859312,0.0420859,0.01765,0.00634518,7.52841E-5,1.50628E-11,0.999925,7.52841E-05,1.50628E-11,2.11048E-24,2.10964E-17,1.5181E-39,4.221E-24
"Risk Neutral CM 1 UPC 1E-06 DM 2","0","451","PLiabilitySignal 3",0.1351,0.999929,7.06841E-05,0.380222,7.0684E-5,1.41425E-11,1,7.06841E-05,9.99939E-06,3.54178,6.99999,1.97907,0.192295,0.184383,0.169246,0.145285,0.115178,0.0854905,0.0619694,0.0461521,1,1,0.937499,0.937499,,,1.41425E-11,,,,,1.98153E-24,1.98074E-17,3.96E-24,1,10.0001,9.99985,19.9999,8.47527E-05,10.0001,9.99985,7.06841E-06,8.4935E-5,1.129E-11,8.49352E-5,0.000113437,1.12911E-11,6.76849E-05,7.47533E-05,7.00019E-06,6.06847E-05,4.83262E-05,1.23586E-05,0,1.4142E-11,1.875,1.98153E-24,1.98074E-17,3.96306E-24,0.798383,0,-0.36328,0,0,1,0,0,0,0,0,0.163043,0.203426,0.205016,0.172371,0.123246,0.0754669,0.0396191,0.0178105,7.06841E-5,1.41425E-11,0.999929,7.06841E-05,1.41425E-11,1.98153E-24,1.98074E-17,7.9735E-40,3.963E-24
"Risk Neutral CM 1 UPC 1E-06 DM 2","0","451","PLiabilitySignal 4",0.1349,0.999935,6.46824E-05,0.456755,6.4682E-5,1.29417E-11,1,6.46824E-05,9.99945E-06,4.15404,6.99999,2.2819,0.135727,0.142216,0.146659,0.144666,0.133584,0.11601,0.097844,0.0832938,1,1,0.937499,0.937499,,,1.29416E-11,,,,,1.81328E-24,1.81256E-17,3.63E-24,1,10.0001,9.99986,19.9999,7.81509E-05,10.0001,9.99986,6.46825E-06,6.9839E-5,1.191E-11,6.98389E-5,8.0152E-05,1.19099E-11,6.16832E-05,6.81514E-05,7.00019E-06,5.4683E-05,5.02375E-05,4.44543E-06,0,1.2942E-11,1.875,1.81328E-24,1.81256E-17,3.62656E-24,0.920279,0,-0.0910439,0,0,0,1,0,0,0,0,0.0956372,0.140692,0.172665,0.180209,0.16108,0.123456,0.0810322,0.0452287,6.46824E-5,1.29417E-11,0.999935,6.46824E-05,1.29416E-11,1.81328E-24,1.81256E-17,4.3776E-40,3.627E-24
"Risk Neutral CM 1 UPC 1E-06 DM 2","0","451","PLiabilitySignal 5",0.1349,0.999942,5.81188E-05,0.543249,5.8119E-5,1.16284E-11,1,5.81188E-05,9.99952E-06,4.84599,6.99999,2.63355,0.0832913,0.0978424,0.116009,0.133584,0.144666,0.146659,0.142218,0.135731,1,1,0.937499,0.937499,,,1.16284E-11,,,,,1.62928E-24,1.62863E-17,3.26E-24,1,10.0001,9.99988,19.9999,7.09308E-05,10.0001,9.99988,5.81188E-06,5.9318E-5,1.139E-11,5.93178E-5,6.17158E-05,1.13885E-11,5.51194E-05,6.09313E-05,7.00019E-06,4.81192E-05,4.70931E-05,1.02617E-06,0,1.1628E-11,1.875,1.62928E-24,1.62863E-17,3.25856E-24,0.97937,0,0.0910439,0,0,0,0,1,0,0,0,0.0452287,0.0810322,0.123456,0.16108,0.180209,0.172665,0.140692,0.0956372,5.81187E-5,1.16284E-11,0.999942,5.81187E-05,1.16284E-11,1.62928E-24,1.62863E-17,1.1023E-40,3.259E-24
"Risk Neutral CM 1 UPC 1E-06 DM 2","0","451","PLiabilitySignal 6",0.1351,0.999948,5.21996E-05,0.61978,5.22E-05,1.04441E-11,1,5.21996E-05,9.99958E-06,5.45824,6.99999,2.95307,0.0461509,0.0619684,0.08549,0.115178,0.145285,0.169246,0.184384,0.192299,1,1,0.937499,0.937499,,,1.04441E-11,,,,,1.46334E-24,1.46276E-17,2.93E-24,1,10,9.99989,19.9999,6.44198E-05,10,9.99989,5.21996E-06,5.2376E-5,1.041E-11,5.23758E-5,5.27283E-05,1.04088E-11,4.92002E-05,5.44202E-05,7.00019E-06,4.22E-05,4.20505E-05,1.49523E-07,0,1.0444E-11,1.875,1.46334E-24,1.46276E-17,2.92669E-24,0.996624,0,0.36328,0,0,0,0,0,1,0,0,0.0178105,0.0396191,0.0754669,0.123246,0.172371,0.205016,0.203426,0.163043,5.21996E-5,1.04441E-11,0.999948,5.21996E-05,1.04441E-11,1.46334E-24,1.46276E-17,1.6061E-41,2.927E-24
"Risk Neutral CM 1 UPC 1E-06 DM 2","0","451","PLiabilitySignal 7",0.1272,0.999952,4.7716E-05,0.674306,4.7716E-5,9.54701E-12,1,4.7716E-05,9.99962E-06,5.89445,6.99999,3.18612,0.0250719,0.0388455,0.0622585,0.0969585,0.139507,0.181697,0.215935,0.239726,1,1,0.937499,0.937499,,,9.54700E-12,,,,,1.33765E-24,1.33711E-17,2.68E-24,1,10,9.9999,19.9999,5.94878E-05,10,9.9999,4.7716E-06,4.7733E-5,9.544E-12,4.77333E-5,4.77679E-05,9.54354E-12,4.47165E-05,4.94881E-05,7.00019E-06,3.77163E-05,3.77018E-05,1.45563E-08,0,9.5470E-12,1.875,1.33765E-24,1.33711E-17,2.6753E-24,0.999637,0,0.837045,0,0,0,0,0,0,1,0,0.00634518,0.01765,0.0420859,0.0859312,0.149198,0.216092,0.252798,0.2299,4.7716E-05,9.54701E-12,0.999952,4.77159E-05,9.54700E-12,1.33765E-24,1.33711E-17,9.3135E-42,2.675E-24
"Risk Neutral CM 1 UPC 1E-06 DM 2","0","451","PLiabilitySignal 8",0.1028,0.999955,4.47163E-05,0.707909,4.4716E-5,8.94683E-12,1,4.47163E-05,9.99965E-06,6.16327,6.99999,3.33255,0.0145911,0.0259543,0.0475,0.0833224,0.132614,0.187136,0.235963,0.27292,1,1,0.937499,0.937499,,,8.94682E-12,,,,,1.25356E-24,1.25306E-17,2.51E-24,1,10,9.9999,19.9999,5.61881E-05,10,9.9999,4.47163E-06,4.4718E-5,8.947E-12,4.47175E-5,4.472E-05,8.94659E-12,4.17168E-05,4.61885E-05,7.00019E-06,3.47166E-05,3.47156E-05,1.03661E-09,0,8.9468E-12,1.875,1.25356E-24,1.25306E-17,2.50712E-24,0.999972,0,1.50627,0,0,0,0,0,0,0,1,0.00225338,0.00784805,0.0234005,0.0593233,0.12544,0.214217,0.284353,0.283165,4.47163E-5,8.94683E-12,0.999955,4.47163E-05,8.94682E-12,1.25356E-24,1.25306E-17,8.6066E-43,2.507E-24
"Risk Neutral CM 1 UPC 1E-06 DM 2","0","451","DLiabilitySignal 1",0.1028,0.999922,7.83896E-05,0.167255,7.839E-05,1.56842E-11,1,7.83896E-05,9.99931E-06,1.83804,6.99999,1.20914,0.478958,0.298962,0.14883,0.055305,0.0147065,0.00279702,0.000396469,4.47114E-05,1,1,0.937499,0.937499,,,1.56842E-11,,,,,2.19754E-24,2.19666E-17,4.4E-24,1,10.0001,9.99984,19.9999,9.32287E-05,10.0001,9.99984,7.83896E-06,0.0001199,7.388E-12,0.00011986,0.000202789,7.38758E-12,7.53905E-05,8.32294E-05,7.00019E-06,6.83903E-05,3.21424E-05,3.62478E-05,0,1.5684E-11,1.875,2.19754E-24,2.19666E-17,4.39508E-24,0.471021,0,1.50627,0.283165,0.284353,0.214217,0.12544,0.0593233,0.0234005,0.00784805,0.00225338,1,0,0,0,0,0,0,0,7.83896E-5,1.56842E-11,0.999922,7.83895E-05,1.56842E-11,2.19754E-24,2.19666E-17,2.7532E-39,4.395E-24
"Risk Neutral CM 1 UPC 1E-06 DM 2","0","451","DLiabilitySignal 2",0.1272,0.999925,7.52841E-05,0.227647,7.5284E-5,1.50628E-11,1,7.52841E-05,9.99935E-06,2.32118,6.99999,1.39896,0.320537,0.292011,0.212187,0.11512,0.0447145,0.0124284,0.00257609,0.000425084,1,1,0.937499,0.937499,,,1.50628E-11,,,,,2.11048E-24,2.10964E-17,4.22E-24,1,10.0001,9.99984,19.9999,8.98127E-05,10.0001,9.99984,7.52841E-06,0.0001028,9.553E-12,0.00010282,0.000157899,9.55301E-12,7.22849E-05,7.98134E-05,7.00019E-06,6.52847E-05,4.1294E-05,2.39908E-05,0,1.5063E-11,1.875,2.11048E-24,2.10964E-17,4.22097E-24,0.63421,0,0.837045,0.2299,0.252798,0.216092,0.149198,0.0859312,0.0420859,0.01765,0.00634518,0,1,0,0,0,0,0,0,7.52841E-5,1.50628E-11,0.999925,7.52841E-05,1.50628E-11,2.11048E-24,2.10964E-17,1.5181E-39,4.221E-24
"Risk Neutral CM 1 UPC 1E-06 DM 2","0","451","DLiabilitySignal 3",0.1351,0.999929,7.06841E-05,0.317431,7.0684E-5,1.41425E-11,1,7.06841E-05,9.99939E-06,3.03945,6.99999,1.70122,0.17112,0.227545,0.241317,0.191102,0.108373,0.0439989,0.0133281,0.00321597,1,1,0.937499,0.937499,,,1.41425E-11,,,,,1.98153E-24,1.98074E-17,3.96E-24,1,10.0001,9.99985,19.9999,8.47527E-05,10.0001,9.99985,7.06841E-06,8.4935E-5,1.129E-11,8.49352E-5,0.000113437,1.12911E-11,6.76849E-05,7.47533E-05,7.00019E-06,6.06847E-05,4.83262E-05,1.23586E-05,0,1.4142E-11,1.875,1.98153E-24,1.98074E-17,3.96306E-24,0.798383,0,0.36328,0.163043,0.203426,0.205016,0.172371,0.123246,0.0754669,0.0396191,0.0178105,0,0,1,0,0,0,0,0,7.06841E-5,1.41425E-11,0.999929,7.06841E-05,1.41425E-11,1.98153E-24,1.98074E-17,7.9735E-40,3.963E-24
"Risk Neutral CM 1 UPC 1E-06 DM 2","0","451","DLiabilitySignal 4",0.1349,0.999935,6.46824E-05,0.435183,6.4682E-5,1.29417E-11,1,6.46824E-05,9.99945E-06,3.98146,6.99999,2.13366,0.0665787,0.129259,0.20009,0.231262,0.191428,0.113471,0.0502068,0.0177047,1,1,0.937499,0.937499,,,1.29416E-11,,,,,1.81328E-24,1.81256E-17,3.63E-24,1,10.0001,9.99986,19.9999,7.81509E-05,10.0001,9.99986,6.46825E-06,6.9839E-5,1.191E-11,6.98389E-5,8.0152E-05,1.19099E-11,6.16832E-05,6.81514E-05,7.00019E-06,5.4683E-05,5.02375E-05,4.44543E-06,0,1.2942E-11,1.875,1.81328E-24,1.81256E-17,3.62656E-24,0.920279,0,0.0910439,0.0956372,0.140692,0.172665,0.180209,0.16108,0.123456,0.0810322,0.0452287,0,0,0,1,0,0,0,0,6.46824E-5,1.29417E-11,0.999935,6.46824E-05,1.29416E-11,1.81328E-24,1.81256E-17,4.3776E-40,3.627E-24
"Risk Neutral CM 1 UPC 1E-06 DM 2","0","451","DLiabilitySignal 5",0.1349,0.999942,5.81188E-05,0.564819,5.8119E-5,1.16284E-11,1,5.81188E-05,9.99952E-06,5.01855,6.99999,2.65879,0.0177042,0.0502058,0.11347,0.191427,0.231262,0.200091,0.12926,0.0665801,1,1,0.937499,0.937499,,,1.16284E-11,,,,,1.62928E-24,1.62863E-17,3.26E-24,1,10.0001,9.99988,19.9999,7.09308E-05,10.0001,9.99988,5.81188E-06,5.9318E-5,1.139E-11,5.93178E-5,6.17158E-05,1.13885E-11,5.51194E-05,6.09313E-05,7.00019E-06,4.81192E-05,4.70931E-05,1.02617E-06,0,1.1628E-11,1.875,1.62928E-24,1.62863E-17,3.25856E-24,0.97937,0,-0.0910439,0.0452287,0.0810322,0.123456,0.16108,0.180209,0.172665,0.140692,0.0956372,0,0,0,0,1,0,0,0,5.81187E-5,1.16284E-11,0.999942,5.81187E-05,1.16284E-11,1.62928E-24,1.62863E-17,1.1023E-40,3.259E-24
"Risk Neutral CM 1 UPC 1E-06 DM 2","0","451","DLiabilitySignal 6",0.1351,0.999948,5.21996E-05,0.68257,5.22E-05,1.04441E-11,1,5.21996E-05,9.99958E-06,5.96056,6.99999,3.18238,0.00321585,0.0133277,0.0439981,0.108372,0.191101,0.241317,0.227546,0.171123,1,1,0.937499,0.937499,,,1.04441E-11,,,,,1.46334E-24,1.46276E-17,2.93E-24,1,10,9.99989,19.9999,6.44198E-05,10,9.99989,5.21996E-06,5.2376E-5,1.041E-11,5.23758E-5,5.27283E-05,1.04088E-11,4.92002E-05,5.44202E-05,7.00019E-06,4.22E-05,4.20505E-05,1.49523E-07,0,1.0444E-11,1.875,1.46334E-24,1.46276E-17,2.92669E-24,0.996624,0,-0.36328,0.0178105,0.0396191,0.0754669,0.123246,0.172371,0.205016,0.203426,0.163043,0,0,0,0,0,1,0,0,5.21996E-5,1.04441E-11,0.999948,5.21996E-05,1.04441E-11,1.46334E-24,1.46276E-17,1.6061E-41,2.927E-24
"Risk Neutral CM 1 UPC 1E-06 DM 2","0","451","DLiabilitySignal 7",0.1272,0.999952,4.7716E-05,0.772354,4.7716E-5,9.54701E-12,1,4.7716E-05,9.99962E-06,6.67883,6.99999,3.613,0.000425065,0.002576,0.0124281,0.0447138,0.115119,0.212186,0.292012,0.32054,1,1,0.937499,0.937499,,,9.54700E-12,,,,,1.33765E-24,1.33711E-17,2.68E-24,1,10,9.9999,19.9999,5.94878E-05,10,9.9999,4.7716E-06,4.7733E-5,9.544E-12,4.77333E-5,4.77679E-05,9.54354E-12,4.47165E-05,4.94881E-05,7.00019E-06,3.77163E-05,3.77018E-05,1.45563E-08,0,9.5470E-12,1.875,1.33765E-24,1.33711E-17,2.6753E-24,0.999637,0,-0.837045,0.00634518,0.01765,0.0420859,0.0859312,0.149198,0.216092,0.252798,0.2299,0,0,0,0,0,0,1,0,4.7716E-05,9.54701E-12,0.999952,4.77159E-05,9.54700E-12,1.33765E-24,1.33711E-17,9.3135E-42,2.675E-24
"Risk Neutral CM 1 UPC 1E-06 DM 2","0","451","DLiabilitySignal 8",0.1028,0.999955,4.47163E-05,0.832746,4.4716E-5,8.94683E-12,1,4.47163E-05,9.99965E-06,7.16197,6.99999,3.91935,4.47093E-05,0.000396454,0.00279694,0.0147062,0.0553043,0.148829,0.298962,0.47896,1,1,0.937499,0.937499,,,8.94682E-12,,,,,1.25356E-24,1.25306E-17,2.51E-24,1,10,9.9999,19.9999,5.61881E-05,10,9.9999,4.47163E-06,4.4718E-5,8.947E-12,4.47175E-5,4.472E-05,8.94659E-12,4.17168E-05,4.61885E-05,7.00019E-06,3.47166E-05,3.47156E-05,1.03661E-09,0,8.9468E-12,1.875,1.25356E-24,1.25306E-17,2.50712E-24,0.999972,0,-1.50627,0.00225338,0.00784805,0.0234005,0.0593233,0.12544,0.214217,0.284353,0.283165,0,0,0,0,0,0,0,1,4.47163E-5,8.94683E-12,0.999955,4.47163E-05,8.94682E-12,1.25356E-24,1.25306E-17,8.6066E-43,2.507E-24
"Risk Neutral CM 1 UPC 1E-06 DM 2","0","451","PDoesntFile",0.9999,1,1.22993E-11,0.500004,0,0,1,1.22993E-11,2.00082E-12,4.50003,6.99999,2.47103,0.124997,0.124998,0.124999,0.125,0.125,0.125001,0.125002,0.125003,1,1,,,,,0,,,,,0,0,0,,10,9.99999,20,7.00021E-06,10,9.99999,0,0,1.018E-11,1.0183E-11,0,1.01833E-11,7.0002E-06,7.0002E-06,7.00019E-06,1.02985E-11,8.45596E-12,1.84257E-12,0,0,,0,0,0,0.827956,0,0,0.102829,0.127185,0.135105,0.134876,0.134877,0.135107,0.127189,0.102833,0.102829,0.127185,0.135105,0.134876,0.134877,0.135107,0.127189,0.102833,0,0,1,0,0,0,0,0,0
"Risk Neutral CM 1 UPC 1E-06 DM 2","0","451","P Files",6.1E-5,0,1,0.44488,1,2.0008E-07,1,1,0.162677,4.05904,6.99999,2.25638,0.172045,0.154819,0.136934,0.121963,0.110116,0.102344,0.100173,0.101607,1,1,0.937499,0.937499,,,2.0008E-07,,,,,2.80336E-20,2.80224E-13,5.61E-20,1,10.9,7.99999,18.9,1.10001,10.9,7.99999,0.1,1.17204,9.115E-15,1.17204,1.51613,1.5123E-15,0.83733,0.93733,6.99999E-06,0.837323,0.687513,0.14981,0,2.0008E-07,1.875,2.80336E-20,2.80224E-13,5.60672E-20,0.827956,0,-4.37371E-14,0.131139,0.155774,0.155362,0.141929,0.127526,0.114733,0.0987312,0.0748064,0.131139,0.155774,0.155362,0.141929,0.127526,0.114733,0.0987312,0.0748064,1,2.0008E-07,0,1,2.0008E-07,2.80336E-20,2.80224E-13,1.0758E-35,5.607E-20
"Risk Neutral CM 1 UPC 1E-06 DM 2","0","451","DDoesntAnswer",6.1E-5,0,1,0.44488,1,0,1,1,0.162677,4.05904,6.99999,2.25638,0.172045,0.154819,0.136934,0.121963,0.110116,0.102344,0.100173,0.101607,1,1,,,,,0,,,,,0,0,0,,10.9,7.99999,18.9,1.10001,10.9,7.99999,0.1,1.17204,0,1.17204,1.51613,0,0.83733,0.93733,6.99999E-06,0.837323,0.687513,0.14981,0,0,,0,0,0,0.827956,0,0,0.131139,0.155774,0.155362,0.141929,0.127526,0.114733,0.0987312,0.0748064,0.131139,0.155774,0.155362,0.141929,0.127526,0.114733,0.0987312,0.0748064,1,0,0,1,0,0,0,0,0
"Risk Neutral CM 1 UPC 1E-06 DM 2","0","451","D Answers",1E-11,0,1,0.44488,1,1,1,1,0.162677,4.05904,6.99999,2.25638,0.172045,0.154819,0.136934,0.121963,0.110116,0.102344,0.100173,0.101607,1,1,0.937499,0.937499,,,0.999999,,,,,1.40112E-13,1.40056E-06,2.8E-13,1,10.675,7.92499,18.6,1.40001,10.675,7.92499,0.4,1.24704,4.5556E-8,1.24704,1.69756,7.55849E-09,0.83733,1.23733,6.99999E-06,0.837323,0.687513,0.14981,0,0.999999,1.875,1.40112E-13,1.40056E-06,2.80224E-13,0.827956,0,-2.48285E-13,0.131139,0.155774,0.155362,0.141929,0.127526,0.114733,0.0987312,0.0748064,0.131139,0.155774,0.155362,0.141929,0.127526,0.114733,0.0987312,0.0748064,1,1,0,0,0.999999,1.40112E-13,1.40056E-06,5.3769E-29,2.802E-13
"Risk Neutral CM 1 UPC 1E-06 DM 2","0","451","Settles1",1E-11,0,1,0.44488,1,1,1,1,0.162677,4.05904,6.99999,2.25638,0.172045,0.154819,0.136934,0.121963,0.110116,0.102344,0.100173,0.101607,1,1,0.937499,0.9375,,,1,,,,,0,0,0,,10.675,7.92499,18.6,1.40001,10.675,7.92499,0.4,1.24704,4.5556E-8,1.24704,1.69756,7.55834E-09,0.83733,1.23733,6.99999E-06,0.837323,0.687513,0.14981,0,1,1.875,0,0,0,0.827956,0,-1.2566E-13,0.131139,0.155774,0.155362,0.141929,0.127526,0.114733,0.0987312,0.0748064,0.131139,0.155774,0.155362,0.141929,0.127526,0.114733,0.0987312,0.0748064,1,1,0,0,1,0,0,0,0
"Risk Neutral CM 1 UPC 1E-06 DM 2","0","451","DoesntSettle1",2E-17,0,1,0.44488,1,1,1,1,0.162677,4.05904,6.99999,2.25638,0.172045,0.154819,0.136934,0.121963,0.110116,0.102344,0.100173,0.101607,1,1,0.9375,0.4375,,,0,,,,,1.0004E-07,1,2.001E-7,1,10.8,7.79999,18.6,1.40001,10.8,7.79999,0.4,1.37204,9.9394E-8,1.37204,2.02495,1.19273E-07,0.83733,1.23733,6.99999E-06,0.837323,0.687513,0.14981,0,0,,1.0004E-07,1,2.0008E-07,0.827956,0,-4.18234E-13,0.131139,0.155774,0.155362,0.141929,0.127526,0.114733,0.0987312,0.0748064,0.131139,0.155774,0.155362,0.141929,0.127526,0.114733,0.0987312,0.0748064,1,1,0,0,0,1.0004E-07,1,3.8391E-23,2.0008E-7
"Risk Neutral CM 1 UPC 1E-06 DM 2","0","451","PAbandons1",2E-24,0,1,0.44488,1,1,1,1,0.162677,4.05904,6.99999,2.25638,0.172045,0.154819,0.136934,0.121963,0.110116,0.102344,0.100173,0.101607,1,1,0.9375,0.4375,,,0,,,,,1,0,0,,8.8,9.79999,18.6,1.40001,8.8,9.79999,0.4,0.0344089,0.993547,1.02796,0.00688178,1.19226,0.83733,1.23733,6.99999E-06,0.837323,0.687513,0.14981,0,0,,1,0,1,0.827956,0,-2.29346E-13,0.131139,0.155774,0.155362,0.141929,0.127526,0.114733,0.0987312,0.0748064,0.131139,0.155774,0.155362,0.141929,0.127526,0.114733,0.0987312,0.0748064,1,1,0,0,0,1,0,0,0
"Risk Neutral CM 1 UPC 1E-06 DM 2","0","451","PDoesntAbandon1",2E-17,0,1,0.44488,1,1,1,1,0.162677,4.05904,6.99999,2.25638,0.172045,0.154819,0.136934,0.121963,0.110116,0.102344,0.100173,0.101607,1,1,0.9375,0.4375,,,0,,,,,0,1,2.001E-7,1,10.8,7.79999,18.6,1.40001,10.8,7.79999,0.4,1.37204,0,1.37204,2.02495,0,0.83733,1.23733,6.99999E-06,0.837323,0.687513,0.14981,0,0,,0,1,1.0004E-07,0.827956,0,-3.31731E-13,0.131139,0.155774,0.155362,0.141929,0.127526,0.114733,0.0987312,0.0748064,0.131139,0.155774,0.155362,0.141929,0.127526,0.114733,0.0987312,0.0748064,1,1,0,0,0,0,1,3.8391E-23,2.0008E-7
"Risk Neutral CM 1 UPC 1E-06 DM 2","0","451","DDefaults1",2E-17,0,1,0.44488,1,1,1,1,0.162677,4.05904,6.99999,2.25638,0.172045,0.154819,0.136934,0.121963,0.110116,0.102344,0.100173,0.101607,1,1,0.9375,0.4375,,,0,,,,,0,1,0,,10.8,7.79999,18.6,1.40001,10.8,7.79999,0.4,1.37204,0,1.37204,2.02495,0,0.83733,1.23733,6.99999E-06,0.837323,0.687513,0.14981,0,0,,0,1,1.0004E-07,0.827956,0,-2.42906E-13,0.131139,0.155774,0.155362,0.141929,0.127526,0.114733,0.0987312,0.0748064,0.131139,0.155774,0.155362,0.141929,0.127526,0.114733,0.0987312,0.0748064,1,1,0,0,0,0,1,0,0
"Risk Neutral CM 1 UPC 1E-06 DM 2","0","451","DDoesntDefault1",3E-24,0,1,0.44488,1,1,1,1,0.162677,4.05904,6.99999,2.25638,0.172045,0.154819,0.136934,0.121963,0.110116,0.102344,0.100173,0.101607,1,1,0.9375,0.4375,,,0,,,,,0,0,1,1,10.7,7.69999,18.4,1.60001,10.7,7.69999,0.6,1.47204,0,1.47204,2.30936,0,0.83733,1.43733,6.99999E-06,0.837323,0.687513,0.14981,0,0,,0,0,0,0.827956,0,-1.41021E-13,0.131139,0.155774,0.155362,0.141929,0.127526,0.114733,0.0987312,0.0748064,0.131139,0.155774,0.155362,0.141929,0.127526,0.114733,0.0987312,0.0748064,1,1,0,0,0,0,0,1.9188E-16,1
"Risk Neutral CM 1 UPC 1E-06 DM 2","0","451","POrDQuits1",2E-17,0,1,0.44488,1,1,1,1,0.162677,4.05904,6.99999,2.25638,0.172045,0.154819,0.136934,0.121963,0.110116,0.102344,0.100173,0.101607,1,1,0.9375,0.4375,,,0,,,,,1.0004E-07,1,0,,10.8,7.79999,18.6,1.40001,10.8,7.79999,0.4,1.37204,9.9394E-8,1.37204,2.02495,1.19273E-07,0.83733,1.23733,6.99999E-06,0.837323,0.687513,0.14981,0,0,,1.0004E-07,1,2.0008E-07,0.827956,0,-3.30641E-13,0.131139,0.155774,0.155362,0.141929,0.127526,0.114733,0.0987312,0.0748064,0.131139,0.155774,0.155362,0.141929,0.127526,0.114733,0.0987312,0.0748064,1,1,0,0,0,1.0004E-07,1,0,0
"Risk Neutral CM 1 UPC 1E-06 DM 2","0","451","P Loses",7E-40,0,1,0.189965,1,1,1,1,0.129876,2.01972,6.99999,1.28037,0.419872,0.295533,0.171696,0.0790306,0.0267602,0.00608614,0.000920903,0.000100613,1,1,0.9375,0.4375,,,0,,,,,0,0,1,0,8.7,9.69999,18.4,1.60001,8.7,9.69999,0.6,0.125961,0.754168,0.880129,0.0377884,0.980418,0.870131,1.47013,6.99999E-06,0.870124,0.503468,0.366655,0,0,,0,0,0,0.580129,0,-6.84732E-14,0.428131,0.291986,0.162907,0.0892873,0.0224823,0.00328138,0.00179131,0.000133836,0.428131,0.291986,0.162907,0.0892873,0.0224823,0.00328138,0.00179131,0.000133836,1,1,0,0,0,0,0,1,0
"Risk Neutral CM 1 UPC 1E-06 DM 2","0","451","P Wins",3E-24,0,1,0.44488,1,1,1,1,0.162677,4.05904,6.99999,2.25638,0.172045,0.154819,0.136934,0.121963,0.110116,0.102344,0.100173,0.101607,1,1,0.9375,0.4375,,,0,,,,,0,0,1,1,10.7,7.69999,18.4,1.60001,10.7,7.69999,0.6,1.47204,0,1.47204,2.30936,0,0.83733,1.43733,6.99999E-06,0.837323,0.687513,0.14981,0,0,,0,0,0,0.827956,0,-1.41021E-13,0.131139,0.155774,0.155362,0.141929,0.127526,0.114733,0.0987312,0.0748064,0.131139,0.155774,0.155362,0.141929,0.127526,0.114733,0.0987312,0.0748064,1,1,0,0,0,0,0,0,1
