"OptionSet","Exploit","Refine","Seconds","Filter","All","NoDispute","DisputeArises","LitigQuality","PFiles","DAnswers","Activity","Accident","WrongAttrib","PrecPower","PrecLevel","BCRatio","PrecPower1","PrecPower2","PrecPower3","PrecPower4","PrecPower5","PrecPower6","PrecPower7","PrecPower8","PBargains1","DBargains1","POffer1","DOffer1","POfferMixedness1","DOfferMixedness1","Settles1","PBet1","DBet1","PBetMixedness1","DBetMixedness1","PAbandons1","DDefaults1","Trial","PWinPct","PWealth","DWealth","TotWealth","WealthLoss","PWelfare","DWelfare","TotExpense","False+","False-","False+-","False+^2","False-^2","PDSWelfareLoss","SWelfareLoss","OpportunityCost","HarmCost","TrulyLiableHarmCost","TrulyNotLiableHarmCost","Chips","Settles","ValIfSettled","PAbandons","DDefaults","BothReadyToGiveUp","TrulyLiable","PrimaryAction","MutualOptimism","PLiabilitySignal1","PLiabilitySignal2","PLiabilitySignal3","PLiabilitySignal4","PLiabilitySignal5","PLiabilitySignal6","PLiabilitySignal7","PLiabilitySignal8","DLiabilitySignal1","DLiabilitySignal2","DLiabilitySignal3","DLiabilitySignal4","DLiabilitySignal5","DLiabilitySignal6","DLiabilitySignal7","DLiabilitySignal8","P Files","D Answers","PDoesntFile","DDoesntAnswer","SettlesBR1","PAbandonsBR1","DDefaultsBR1","P Loses","P Wins"
"MODRA CM 4 UPC 1E-06 DM 2","0","NaN","141","All",1,1,1.22986E-11,0.5,1.23E-11,2.46070E-18,2.0008E-07,1.22986E-11,2.00173E-12,4.5,1.40056E-06,10.2079,0.125,0.125,0.125,0.125,0.125,0.125,0.125,0.125,1,1,0.937499,0.686452,,,1.7547E-18,,,,,2.84854E-19,2.86417E-19,1.35E-19,0.390751,10,9.999,19.999,0.001,1000,1000,4.91944E-12,1.82E-11,0,1.8198E-11,2.99957E-11,0,0.001,0.001,0.001,1.02969E-11,5.1590199999999996E-12,5.13785E-12,0,1.7547E-18,1.875,2.84854E-19,2.86417E-19,1.93793E-19,0.52035,0,-5.09811E-15,0.102831,0.127187,0.135106,0.134876,0.134876,0.135106,0.127187,0.102831,0.102831,0.127187,0.135106,0.134876,0.134876,0.135106,0.127187,0.102831,1.2299E-11,2.46070E-18,1,1.22986E-11,1.7547E-18,2.84854E-19,2.86417E-19,8.2088E-20,5.265E-20
"MODRA CM 4 UPC 1E-06 DM 2","0","NaN","141","NoDispute",1,1,0,0.5,0,0,2.00068E-07,0,0,4.5,1.40047E-06,10.2079,0.125,0.125,0.125,0.125,0.125,0.125,0.125,0.125,1,1,,,,,0,,,,,0,0,0,,10,9.999,19.999,0.001,1000,1000,0,0,0,0,0,0,0.001,0.001,0.001,0,0,0,0,0,,0,0,0,,0,-3.77432E-15,0.102831,0.127187,0.135106,0.134876,0.134876,0.135106,0.127187,0.102831,0.102831,0.127187,0.135106,0.134876,0.134876,0.135106,0.127187,0.102831,0,0,1,0,0,0,0,0,0
"MODRA CM 4 UPC 1E-06 DM 2","0","NaN","141","DisputeArises",1E-11,0,1,0.430647,1,2.0008E-07,1,1,0.16276,3.94517,6.99999,1.2855,0.179622,0.158864,0.141165,0.126407,0.112391,0.10101,0.0936431,0.0868976,1,1,0.937499,0.686452,,,1.42674E-07,,,,,2.31615E-08,2.32886E-08,1.096E-8,0.390751,10.6,7.99999,18.6,1.40001,1000.13,990,0.4,1.47965,1.0557E-7,1.47965,2.43895,1.06806E-07,0.837247,1.23725,6.99999E-06,0.83724,0.419481,0.417759,0,1.42674E-7,1.875,2.31615E-08,2.32886E-08,1.57573E-08,0.52035,0,-4.06157E-14,0.131139,0.155774,0.155362,0.141929,0.127526,0.114733,0.0987312,0.0748064,0.131139,0.155774,0.155362,0.141929,0.127526,0.114733,0.0987312,0.0748064,1,2.0008E-07,2.0008E-07,1,1.42674E-07,2.31615E-08,2.32886E-08,6.67455E-9,4.2808E-9
"MODRA CM 4 UPC 1E-06 DM 2","0","NaN","141","PFiles",1E-11,0,1,0.430647,1,2.0008E-07,1,1,0.16276,3.94517,6.99999,1.2855,0.179622,0.158864,0.141165,0.126407,0.112391,0.10101,0.0936431,0.0868976,1,1,0.937499,0.686452,,,1.42675E-07,,,,,2.31615E-08,2.32886E-08,1.096E-8,0.390751,10.6,7.99999,18.6,1.40001,1000.13,990,0.4,1.47965,1.4543E-9,1.47965,2.43895,2.69412E-09,0.837247,1.23725,6.99999E-06,0.83724,0.419481,0.417759,0,1.42675E-7,1.875,2.31615E-08,2.32886E-08,1.57573E-08,0.52035,0,-3.48540E-14,0.131139,0.155774,0.155362,0.141929,0.127526,0.114733,0.0987312,0.0748064,0.131139,0.155774,0.155362,0.141929,0.127526,0.114733,0.0987312,0.0748064,1,2.0008E-07,0,1,1.42675E-07,2.31615E-08,2.32886E-08,6.67455E-9,4.2808E-9
"MODRA CM 4 UPC 1E-06 DM 2","0","NaN","141","DAnswers",2E-18,0,1,0.430647,1,1,1,1,0.16276,3.94517,6.99999,1.2855,0.179622,0.158864,0.141165,0.126407,0.112391,0.10101,0.0936431,0.0868976,1,1,0.937499,0.686452,,,0.713087,,,,,0.115761,0.116397,0.054755,0.390751,9.79072,7.56547,17.3562,2.64381,998.754,963.715,1.6438,1.91447,0.0072688,1.92174,4.09516,0.0134652,0.837247,2.48105,6.99999E-06,0.83724,0.419481,0.417759,0,0.713087,1.875,0.115761,0.116397,0.0787551,0.52035,0,-2.84147E-13,0.131139,0.155774,0.155362,0.141929,0.127526,0.114733,0.0987312,0.0748064,0.131139,0.155774,0.155362,0.141929,0.127526,0.114733,0.0987312,0.0748064,1,1,0,0,0.713087,0.115761,0.116397,0.0333594,0.0213956
"MODRA CM 4 UPC 1E-06 DM 2","0","NaN","141","Litigated",2E-18,0,1,0.430647,1,1,1,1,0.16276,3.94517,6.99999,1.2855,0.179622,0.158864,0.141165,0.126407,0.112391,0.10101,0.0936431,0.0868976,1,1,0.937499,0.686452,,,0.713087,,,,,0.115761,0.116397,0.054755,0.390751,9.79072,7.56547,17.3562,2.64381,998.754,963.715,1.6438,1.91447,0.0072688,1.92174,4.09516,0.0134652,0.837247,2.48105,6.99999E-06,0.83724,0.419481,0.417759,0,0.713087,1.875,0.115761,0.116397,0.0787551,0.52035,0,-2.84147E-13,0.131139,0.155774,0.155362,0.141929,0.127526,0.114733,0.0987312,0.0748064,0.131139,0.155774,0.155362,0.141929,0.127526,0.114733,0.0987312,0.0748064,1,1,0,0,0.713087,0.115761,0.116397,0.0333594,0.0213956
"MODRA CM 4 UPC 1E-06 DM 2","0","NaN","141","Not Litigated",1,1,1.22986E-11,0.5,1.23E-11,0,2.0008E-07,1.22986E-11,2.00173E-12,4.5,1.40056E-06,10.2079,0.125,0.125,0.125,0.125,0.125,0.125,0.125,0.125,1,1,,,,,0,,,,,0,0,0,,10,9.999,19.999,0.001,1000,1000,4.91944E-12,1.82E-11,0,1.8198E-11,2.99957E-11,0,0.001,0.001,0.001,1.02969E-11,5.1590199999999996E-12,5.13785E-12,0,0,,0,0,0,0.52035,0,-5.09811E-15,0.102831,0.127187,0.135106,0.134876,0.134876,0.135106,0.127187,0.102831,0.102831,0.127187,0.135106,0.134876,0.134876,0.135106,0.127187,0.102831,1.2299E-11,0,1,1.22986E-11,0,0,0,0,0
"MODRA CM 4 UPC 1E-06 DM 2","0","NaN","141","Settles",2E-18,0,1,0.532999,1,1,1,1,0.17617,4.76399,6.99999,1.53682,0.0691992,0.102542,0.133952,0.151353,0.150008,0.140049,0.131068,0.121829,1,1,0.937499,0.9375,,,1,,,,,0,0,0,,10.075,7.32499,17.4,2.60001,1000.03,960.892,1.6,1.98069,4.2514E-7,1.98069,4.13538,2.56295E-07,0.823837,2.42384,6.99999E-06,0.82383,0.558552,0.265278,0,1,1.875,0,0,0,0.694308,0,-0.429117,0.076786,0.108007,0.131344,0.145474,0.151592,0.149164,0.134114,0.10352,3.78587E-07,4.58289E-07,0.217872,0.199034,0.178837,0.160896,0.138456,0.104905,1,1,0,0,1,0,0,0,0
"MODRA CM 4 UPC 1E-06 DM 2","0","NaN","141","Tried",1E-19,0,1,0.19446,1,1,1,1,0.130977,2.05568,7,0.690425,0.367322,0.331932,0.202818,0.0769734,0.0179192,0.00271628,0.000293583,2.48063E-05,1,1,0.9375,0.0625012,,,0,,,,,0,0,1,0.390751,8.5815,8.01849,16.6,3.40001,990.819,955.056,2.4,1.88358,0.0834347,1.96701,4.4775,0.157155,0.86903,3.26903,7E-06,0.869023,0.0823167,0.786706,0,0,,0,0,0,0.0979272,0,2.78305,5.61519E-07,9.71133E-07,0.510363,0.289351,0.131217,0.0492285,0.0156152,0.0042244,0.999999,7.39905E-07,1.41601E-12,1.00459E-12,6.22689E-13,5.75151E-13,5.01146E-13,3.81613E-13,1,1,0,0,0,0,0,0.609249,0.390751
"MODRA CM 4 UPC 1E-06 DM 2","0","NaN","141","PWins",5E-20,0,1,0.235488,1,1,1,1,0.134961,2.3839,7,0.767179,0.2609,0.313809,0.256379,0.126114,0.0358385,0.00618109,0.000715992,6.23966E-05,1,1,0.9375,0.062501,,,0,,,,,0,0,1,1,9.8,6.79999,16.6,3.40001,999.908,887.897,2.4,3.03109,0.0337824,3.06487,9.32787,0.00675648,0.865046,3.26505,7E-06,0.865039,0.141831,0.723208,0,0,,0,0,0,0.168912,0,2.95319,4.05938E-07,7.62636E-07,0.448508,0.293046,0.156197,0.0690326,0.025421,0.00779509,0.999999,1.04257E-06,2.13381E-12,1.74611E-12,1.22119E-12,1.27308E-12,1.18887E-12,9.37708E-13,1,1,0,0,0,0,0,0,1
"MODRA CM 4 UPC 1E-06 DM 2","0","NaN","141","DWins",8E-20,0,1,0.168147,1,1,1,1,0.128422,1.84517,7,0.641197,0.435578,0.343556,0.168466,0.0454562,0.00642634,0.000494073,2.26641E-05,6.97169E-07,1,1,0.9375,0.0625012,,,0,,,,,0,0,1,0,7.8,8.79999,16.6,3.40001,984.99,998.13,2.4,1.1476,0.11528,1.26288,1.36664,0.253616,0.871585,3.27159,7E-06,0.871578,0.0441464,0.827432,0,0,,0,0,0,0.0524,0,2.67392,6.61303E-07,1.10486E-06,0.550035,0.286981,0.115195,0.0365268,0.00932613,0.00193428,0.999999,5.45784E-07,9.55639E-13,5.29003E-13,2.38832E-13,1.27526E-13,6.00642E-14,2.49527E-14,1,1,0,0,0,0,0,1,0
"MODRA CM 4 UPC 1E-06 DM 2","0","NaN","141","Abandoned",6E-19,0,1,0.17197,1,1,1,1,0.129067,1.87576,7,0.653888,0.474523,0.291041,0.14878,0.0614431,0.0191315,0.00428129,0.000707625,9.27325E-05,1,1,0.937499,0.062502,,,0,,,,,0.498632,0.501368,0,,9.20274,8.19726,17.4,2.60001,996.719,974.429,1.6,1.71837,0.01163,1.73,3.88142,0.020934,0.87094,2.47094,7E-06,0.870933,0.0718358,0.799097,0,0,,0.498632,0.501368,0.339231,0.0856562,0,0.661671,0.329016,0.339232,0.145407,0.0962693,0.0527361,0.0244285,0.00965287,0.00325873,0.329016,0.67098,9.37265E-07,8.56225E-07,7.69339E-07,6.92162E-07,5.95624E-07,4.51291E-07,1,1,0,0,0,0.498632,0.501368,0,0
"MODRA CM 4 UPC 1E-06 DM 2","0","NaN","141","PrecPower1",0.125,1,1.76728E-11,0.0625,1.767E-11,3.53597E-18,2.00081E-07,1.76728E-11,2.10876E-12,1,1.40057E-06,6.09792,1,0,0,0,0,0,0,0,1,1,0.937499,0.302877,,,9.71389E-19,,,,,1.42503E-18,7.43615E-19,3.96E-19,0.277541,10,9.999,19.999,0.001,1000,1000,7.06912E-12,3.535E-11,0,3.5346E-11,7.06910E-11,0,0.001,0.001,0.001,1.5564E-11,0,1.5564E-11,0,9.7139E-19,1.875,1.42503E-18,7.43615E-19,8.41959E-19,1.65038E-06,0,0.936797,0.224506,0.243913,0.207844,0.146457,0.0898779,0.0498856,0.0255123,0.0120042,0.394013,0.326144,0.184955,0.0718395,0.0191033,0.00347594,0.00043252,3.67821E-05,1.7673E-11,3.53597E-18,1,1.76728E-11,9.71389E-19,1.42503E-18,7.43615E-19,2.8604E-19,1.099E-19
"MODRA CM 4 UPC 1E-06 DM 2","0","NaN","141","PrecPower2",0.125,1,1.56304E-11,0.1875,1.563E-11,3.12734E-18,2.0008E-07,1.56304E-11,2.02133E-12,2,1.40056E-06,7.43095,0,1,0,0,0,0,0,0,1,1,0.937499,0.465243,,,1.43944E-18,,,,,6.42235E-19,6.87874E-19,3.58E-19,0.369416,10,9.999,19.999,0.001,1000,1000,6.25218E-12,3.126E-11,0,3.1261E-11,6.25216E-11,0,0.001,0.001,0.001,1.36091E-11,0,1.36091E-11,0,1.4394E-18,1.875,6.42235E-19,6.87874E-19,4.95496E-19,1.67871E-06,0,0.708348,0.194112,0.219708,0.199287,0.153454,0.105577,0.0669822,0.0395276,0.0213526,0.245941,0.29712,0.245941,0.139472,0.0541732,0.0144055,0.00262116,0.000326158,1.563E-11,3.12734E-18,1,1.56304E-11,1.43944E-18,6.42235E-19,6.87874E-19,2.2561E-19,1.322E-19
"MODRA CM 4 UPC 1E-06 DM 2","0","NaN","141","PrecPower3",0.125,1,1.38890E-11,0.3125,1.389E-11,2.77892E-18,2.0008E-07,1.38890E-11,1.9593E-12,3,1.40056E-06,8.6857,0,0,1,0,0,0,0,0,1,1,0.937499,0.654569,,,1.88036E-18,,,,,1.82034E-19,4.97914E-19,2.19E-19,0.493943,10,9.999,19.999,0.001,1000,1000,5.55562E-12,2.778E-11,0,2.7778E-11,5.55561E-11,0,0.001,0.001,0.001,1.19297E-11,0,1.19297E-11,0,1.8804E-18,1.875,1.82034E-19,4.97914E-19,1.77451E-19,1.71316E-06,0,0.437073,0.153949,0.184875,0.182924,0.158242,0.125175,0.0924049,0.063351,0.0390781,0.122436,0.215899,0.260827,0.215899,0.122436,0.047556,0.0126459,0.00230099,1.3889E-11,2.77892E-18,1,1.38890E-11,1.88036E-18,1.82034E-19,4.97914E-19,1.1063E-19,1.080E-19
"MODRA CM 4 UPC 1E-06 DM 2","0","NaN","141","PrecPower4",0.125,1,1.2437E-11,0.4375,1.244E-11,2.4884E-18,2.0008E-07,1.2437E-11,1.92841E-12,4,1.40056E-06,9.8613,0,0,0,1,0,0,0,0,1,1,0.937499,0.809586,,,2.12463E-18,,,,,2.748E-20,2.53325E-19,8.3E-20,0.640212,10,9.999,19.999,0.001,1000,1000,4.97481E-12,1.244E-11,0,1.2437E-11,1.2437E-11,0,0.001,0.001,0.001,1.05086E-11,1.05086E-11,0,0,2.1246E-18,1.875,2.748E-20,2.53325E-19,3.25865E-20,1,0,0.146668,0.109098,0.14195,0.157028,0.15609,0.144135,0.124491,0.0986584,0.0685484,0.045497,0.117135,0.206552,0.249534,0.206552,0.117135,0.045497,0.0120984,1.2437E-11,2.4884E-18,1,1.2437E-11,2.12463E-18,2.748E-20,2.53325E-19,2.9851E-20,5.312E-20
"MODRA CM 4 UPC 1E-06 DM 2","0","NaN","141","PrecPower5",0.125,1,1.10581E-11,0.5625,1.106E-11,2.21250E-18,2.00079E-07,1.10581E-11,1.90152E-12,5,1.40056E-06,10.9569,0,0,0,0,1,0,0,0,1,1,0.937499,0.895283,,,2.10575E-18,,,,,1.97926E-21,8.54551E-20,1.93E-20,0.781506,10,9.999,19.999,0.001,1000,1000,4.42322E-12,1.106E-11,0,1.1058E-11,1.10581E-11,0,0.001,0.001,0.001,9.15654E-12,9.156539999999998E-12,0,0,2.1057E-18,1.875,1.97926E-21,8.54551E-20,2.74239E-21,1,0,-0.146668,0.0685484,0.0986584,0.124491,0.144135,0.15609,0.157028,0.14195,0.109098,0.0120984,0.045497,0.117135,0.206552,0.249534,0.206552,0.117135,0.045497,1.1058E-11,2.21250E-18,1,1.10581E-11,2.10575E-18,1.97926E-21,8.54551E-20,4.2202E-21,1.509E-20
"MODRA CM 4 UPC 1E-06 DM 2","0","NaN","141","PrecPower6",0.125,1,9.93826E-12,0.6875,9.938E-12,1.98845E-18,2.0008E-07,9.93826E-12,1.91574E-12,6,1.40056E-06,11.9715,0,0,0,0,0,1,0,0,1,1,0.937499,0.927602,,,1.96595E-18,,,,,6.78839E-23,1.94983E-20,2.93E-21,0.889182,10,9.999,19.999,0.001,1000,1000,3.97531E-12,9.938E-12,0,9.9383E-12,9.93826E-12,0,0.001,0.001,0.001,8.02252E-12,8.02252E-12,0,0,1.966E-18,1.875,6.78839E-23,1.94983E-20,1.05755E-22,1,0,-0.437073,0.0390781,0.063351,0.0924049,0.125175,0.158242,0.182924,0.184875,0.153949,0.00230099,0.0126459,0.047556,0.122436,0.215899,0.260827,0.215899,0.122436,9.9383E-12,1.98845E-18,1,9.93826E-12,1.96595E-18,6.78839E-23,1.94983E-20,3.2446E-22,2.603E-21
"MODRA CM 4 UPC 1E-06 DM 2","0","NaN","141","PrecPower7",0.125,1,9.21343E-12,0.8125,9.213E-12,1.84342E-18,2.0008E-07,9.21343E-12,2.01725E-12,7,1.40056E-06,12.9043,0,0,0,0,0,0,1,0,1,1,0.937499,0.935815,,,1.83987E-18,,,,,1.24153E-24,3.23273E-21,3.16E-22,0.952967,10,9.999,19.999,0.001,1000,1000,3.68537E-12,9.213E-12,0,9.2134E-12,9.21343E-12,0,0.001,0.001,0.001,7.19617E-12,7.196169999999999E-12,0,0,1.8399E-18,1.875,1.24153E-24,3.23273E-21,2.10395E-24,1,0,-0.708348,0.0213526,0.0395276,0.0669822,0.105577,0.153454,0.199287,0.219708,0.194112,0.000326158,0.00262116,0.0144055,0.0541732,0.139472,0.245941,0.29712,0.245941,9.2134E-12,1.84342E-18,1,9.21342E-12,1.83987E-18,1.24153E-24,3.23273E-21,1.4884E-23,3.016E-22
"MODRA CM 4 UPC 1E-06 DM 2","0","NaN","141","PrecPower8",0.125,1,8.54975E-12,0.9375,8.55E-12,1.71063E-18,2.00081E-07,8.54975E-12,2.16149E-12,8,1.40056E-06,13.7544,0,0,0,0,0,0,0,1,1,1,0.937499,0.93727,,,1.71018E-18,,,,,1.45845E-26,4.23789E-22,2.67E-23,0.982877,10,9.999,19.999,0.001,1000,1000,3.4199E-12,8.55E-12,0,8.5497E-12,8.54975E-12,0,0.001,0.001,0.001,6.38826E-12,6.38826E-12,0,0,1.7102E-18,1.875,1.45845E-26,4.23789E-22,2.61947E-26,1,0,-0.936797,0.0120042,0.0255123,0.0498856,0.0898779,0.146457,0.207844,0.243913,0.224506,3.67821E-05,0.00043252,0.00347594,0.0191033,0.0718395,0.184955,0.326144,0.394013,8.5497E-12,1.71063E-18,1,8.54974E-12,1.71018E-18,1.45845E-26,4.23789E-22,4.5783E-25,2.628E-23
"MODRA CM 4 UPC 1E-06 DM 2","0","NaN","141","PrecLevel0",1,1,4.40334E-18,0.5,4.404E-18,8.81026E-25,4.00326E-14,4.40334E-18,4.00276E-19,4.5,0,10.2079,0.125,0.125,0.125,0.125,0.125,0.125,0.125,0.125,1,1,0.937499,0.937499,,,8.81025E-25,,,,,1.23446E-37,1.23393E-30,2.47E-37,1,10,9.999,19.999,0.001,1000,1000,0,0,0,0,0,0,0.001,0.001,0.001,0,0,0,0,8.8103E-25,1.875,1.23446E-37,1.23393E-30,2.46893E-37,1,0,-1.09811E-15,0.102831,0.127187,0.135106,0.134876,0.134876,0.135106,0.127187,0.102831,0.102831,0.127187,0.135106,0.134876,0.134876,0.135106,0.127187,0.102831,4.4035E-18,8.81026E-25,1,4.40353E-18,8.81025E-25,1.23446E-37,1.23393E-30,4.3281E-53,2.469E-37
"MODRA CM 4 UPC 1E-06 DM 2","0","NaN","141","PrecLevel1",4E-14,0.9999,9.97911E-05,0.5,9.9791E-5,1.99662E-11,1,9.97911E-05,9.99822E-06,4.5,1,9.21114,0.125001,0.125,0.124999,0.124999,0.124999,0.124999,0.125,0.125001,1,1,0.937499,0.937499,,,1.99662E-11,,,,,2.79751E-24,2.79639E-17,5.6E-24,1,10.0001,9.9998,19.9999,0.000140708,1000,999.999,3.99165E-05,9.9791E-5,1.997E-11,9.97911E-5,9.97911E-05,1.99662E-11,9.07929E-05,0.000130709,1E-06,8.97929E-05,8.97929E-05,0,0,1.9966E-11,1.875,2.79751E-24,2.79639E-17,5.59501E-24,1,0,0,0.102831,0.127187,0.135106,0.134876,0.134876,0.135106,0.127187,0.102831,0.102831,0.127187,0.135106,0.134876,0.134876,0.135106,0.127187,0.102831,9.97911E-5,1.99662E-11,0.9999,9.97911E-05,1.99662E-11,2.79751E-24,2.79639E-17,1.2449E-39,5.595E-24
"MODRA CM 4 UPC 1E-06 DM 2","0","NaN","141","PrecLevel2",4E-14,0.999909,9.058E-05,0.5,9.058E-05,1.81232E-11,1,9.058E-05,9.99832E-06,4.5,2,8.173,0.125001,0.125,0.124999,0.124999,0.124999,0.125,0.125,0.125001,1,1,0.937499,0.937499,,,1.81232E-11,,,,,2.53928E-24,2.53827E-17,5.08E-24,1,10.0001,9.99982,19.9999,0.000128812,1000,999.999,3.6232E-05,9.058E-05,1.812E-11,9.058E-05,9.058E-05,1.81233E-11,8.25817E-05,0.000118814,2E-06,8.05817E-05,8.05817E-05,0,0,1.8123E-11,1.875,2.53928E-24,2.53827E-17,5.07857E-24,1,0,0,0.102831,0.127187,0.135106,0.134876,0.134876,0.135106,0.127187,0.102831,0.102831,0.127187,0.135106,0.134876,0.134876,0.135106,0.127187,0.102831,9.058E-05,1.81232E-11,0.999909,9.058E-05,1.81232E-11,2.53928E-24,2.53827E-17,1.0918E-39,5.079E-24
"MODRA CM 4 UPC 1E-06 DM 2","0","NaN","141","PrecLevel3",4E-14,0.999918,8.2407E-05,0.5,8.2407E-5,1.64880E-11,1,8.2407E-05,9.99973E-06,4.5,3,7.08301,0.125001,0.125,0.125,0.124999,0.124999,0.125,0.125,0.125001,1,1,0.937499,0.937499,,,1.64880E-11,,,,,2.31017E-24,2.30924E-17,4.62E-24,1,10,9.99983,19.9999,0.00011837,1000,999.999,3.29628E-05,8.2407E-5,1.649E-11,8.2407E-05,8.2407E-05,1.64880E-11,7.54073E-05,0.00010837,3E-06,7.24073E-05,7.24073E-05,0,0,1.6488E-11,1.875,2.31017E-24,2.30924E-17,4.62033E-24,1,0,-1.29685E-15,0.102831,0.127187,0.135106,0.134876,0.134876,0.135106,0.127187,0.102831,0.102831,0.127187,0.135106,0.134876,0.134876,0.135106,0.127187,0.102831,8.2407E-05,1.64880E-11,0.999918,8.2407E-05,1.64880E-11,2.31017E-24,2.30924E-17,8.8806E-40,4.62E-24
"MODRA CM 4 UPC 1E-06 DM 2","0","NaN","141","PrecLevel4",4E-14,0.999925,7.5324E-05,0.5,7.5324E-5,1.50708E-11,1,7.5324E-05,1.00029E-05,4.5,4,5.92495,0.125001,0.125,0.125,0.124999,0.124999,0.125,0.125,0.125001,1,1,0.937499,0.937499,,,1.50708E-11,,,,,2.1116E-24,2.11076E-17,4.22E-24,1,10,9.99985,19.9999,0.000109454,1000,999.999,3.01296E-05,7.5324E-5,1.507E-11,7.5324E-05,7.5324E-05,1.50708E-11,6.93211E-05,9.94507E-05,4E-06,6.53211E-05,6.53211E-05,0,0,1.5071E-11,1.875,2.1116E-24,2.11076E-17,4.2232E-24,1,0,0,0.102831,0.127187,0.135106,0.134876,0.134876,0.135106,0.127187,0.102831,0.102831,0.127187,0.135106,0.134876,0.134876,0.135106,0.127187,0.102831,7.5324E-05,1.50708E-11,0.999925,7.5324E-05,1.50708E-11,2.1116E-24,2.11076E-17,8.9182E-40,4.223E-24
"MODRA CM 4 UPC 1E-06 DM 2","0","NaN","141","PrecLevel5",4E-14,0.999931,6.9399E-05,0.5,6.9399E-5,1.38854E-11,1,6.9399E-05,1.00082E-05,4.5,5,4.67059,0.125001,0.125,0.125,0.124999,0.124999,0.125,0.125,0.125001,1,1,0.937499,0.937499,,,1.38853E-11,,,,,1.94551E-24,1.94473E-17,3.89E-24,1,10,9.99986,19.9999,0.000102159,1000,999.999,2.77596E-05,6.9399E-5,1.389E-11,6.9399E-05,6.9399E-05,1.38854E-11,6.43908E-05,9.21504E-05,5E-06,5.93908E-05,5.93908E-05,0,0,1.3885E-11,1.875,1.94551E-24,1.94473E-17,3.89101E-24,1,0,0,0.102831,0.127187,0.135106,0.134876,0.134876,0.135106,0.127187,0.102831,0.102831,0.127187,0.135106,0.134876,0.134876,0.135106,0.127187,0.102831,6.9399E-05,1.38854E-11,0.999931,6.9399E-05,1.38853E-11,1.94551E-24,1.94473E-17,8.5172E-36,3.891E-24
"MODRA CM 4 UPC 1E-06 DM 2","0","NaN","141","PrecLevel6",4E-14,0.999935,6.47284E-05,0.5,6.4728E-5,1.29509E-11,1,6.47284E-05,1.00156E-05,4.5,6,3.26009,0.125001,0.125,0.125,0.124999,0.124999,0.125,0.125,0.125001,1,1,0.937499,0.937499,,,1.29508E-11,,,,,1.81457E-24,1.81385E-17,3.63E-24,0.999689,10,9.99986,19.9999,9.66198E-05,1000,999.999,2.58914E-05,6.4728E-5,1.295E-11,6.47284E-5,6.47285E-05,1.29509E-11,6.07128E-05,8.66042E-05,6E-06,5.47128E-05,5.47128E-05,0,0,1.2951E-11,1.875,1.81457E-24,1.81385E-17,3.62914E-24,1,0,-2.24E-15,0.102831,0.127187,0.135106,0.134876,0.134876,0.135106,0.127187,0.102831,0.102831,0.127187,0.135106,0.134876,0.134876,0.135106,0.127187,0.102831,6.47284E-5,1.29509E-11,0.999935,6.47284E-05,1.29508E-11,1.81457E-24,1.81385E-17,1.1269E-27,3.628E-24
"MODRA CM 4 UPC 1E-06 DM 2","0","NaN","141","PrecLevel7",2E-07,0.999939,6.14683E-05,0.5,6.1468E-5,1.22986E-11,1,6.14683E-05,1.00046E-05,4.5,7,1.46885,0.125001,0.125,0.125,0.125,0.125,0.125,0.125,0.125,1,1,0.937499,0.686451,,,8.76996E-12,,,,,1.42370E-12,1.43152E-12,6.73E-13,0.390751,10,9.99987,19.9999,9.30557E-05,1000,999.999,2.45873E-05,9.0952E-5,6.489E-12,9.09517E-5,0.000149918,6.56516E-12,5.84637E-05,8.30511E-05,7E-06,5.14637E-05,2.57847E-05,2.5679E-05,0,8.7700E-12,1.875,1.42370E-12,1.43152E-12,9.68578E-13,0.520349,0,-1.696E-15,0.102831,0.127187,0.135106,0.134876,0.134876,0.135106,0.127187,0.102831,0.102831,0.127187,0.135106,0.134876,0.134876,0.135106,0.127187,0.102831,6.14683E-5,1.22986E-11,0.999939,6.14683E-05,8.76996E-12,1.42370E-12,1.43152E-12,4.1027E-13,2.631E-13
"MODRA CM 4 UPC 1E-06 DM 2","0","NaN","141","Rounds1",2E-18,0,1,0.430647,1,1,1,1,0.16276,3.94517,6.99999,1.2855,0.179622,0.158864,0.141165,0.126407,0.112391,0.10101,0.0936431,0.0868976,1,1,0.937499,0.686452,,,0.713087,,,,,0.115761,0.116397,0.054755,0.390751,9.79072,7.56547,17.3562,2.64381,998.754,963.715,1.6438,1.91447,0.0072688,1.92174,4.09516,0.0134652,0.837247,2.48105,6.99999E-06,0.83724,0.419481,0.417759,0,0.713087,1.875,0.115761,0.116397,0.0787551,0.52035,0,-2.84147E-13,0.131139,0.155774,0.155362,0.141929,0.127526,0.114733,0.0987312,0.0748064,0.131139,0.155774,0.155362,0.141929,0.127526,0.114733,0.0987312,0.0748064,1,1,0,0,0.713087,0.115761,0.116397,0.0333594,0.0213956
"MODRA CM 4 UPC 1E-06 DM 2","0","NaN","141","PrePrimary1",0,,,,,,,,,,,,,,,,,,,,,,,,,,,,,,,,,,,,,,,,,,,,,,,,,,,,,,,,,,,,,,,,,,,,,,,,,,,,,,,,,,,,,,
"MODRA CM 4 UPC 1E-06 DM 2","0","NaN","141","PrePrimary2",0,,,,,,,,,,,,,,,,,,,,,,,,,,,,,,,,,,,,,,,,,,,,,,,,,,,,,,,,,,,,,,,,,,,,,,,,,,,,,,,,,,,,,,
"MODRA CM 4 UPC 1E-06 DM 2","0","NaN","141","PrePrimary3",0,,,,,,,,,,,,,,,,,,,,,,,,,,,,,,,,,,,,,,,,,,,,,,,,,,,,,,,,,,,,,,,,,,,,,,,,,,,,,,,,,,,,,,
"MODRA CM 4 UPC 1E-06 DM 2","0","NaN","141","PrePrimary4",0,,,,,,,,,,,,,,,,,,,,,,,,,,,,,,,,,,,,,,,,,,,,,,,,,,,,,,,,,,,,,,,,,,,,,,,,,,,,,,,,,,,,,,
"MODRA CM 4 UPC 1E-06 DM 2","0","NaN","141","PrePrimary5",0,,,,,,,,,,,,,,,,,,,,,,,,,,,,,,,,,,,,,,,,,,,,,,,,,,,,,,,,,,,,,,,,,,,,,,,,,,,,,,,,,,,,,,
"MODRA CM 4 UPC 1E-06 DM 2","0","NaN","141","PrePrimary6",0,,,,,,,,,,,,,,,,,,,,,,,,,,,,,,,,,,,,,,,,,,,,,,,,,,,,,,,,,,,,,,,,,,,,,,,,,,,,,,,,,,,,,,
"MODRA CM 4 UPC 1E-06 DM 2","0","NaN","141","PrePrimary7",0,,,,,,,,,,,,,,,,,,,,,,,,,,,,,,,,,,,,,,,,,,,,,,,,,,,,,,,,,,,,,,,,,,,,,,,,,,,,,,,,,,,,,,
"MODRA CM 4 UPC 1E-06 DM 2","0","NaN","141","PrePrimary8",0,,,,,,,,,,,,,,,,,,,,,,,,,,,,,,,,,,,,,,,,,,,,,,,,,,,,,,,,,,,,,,,,,,,,,,,,,,,,,,,,,,,,,,
"MODRA CM 4 UPC 1E-06 DM 2","0","NaN","141","PrePrimary9",0,,,,,,,,,,,,,,,,,,,,,,,,,,,,,,,,,,,,,,,,,,,,,,,,,,,,,,,,,,,,,,,,,,,,,,,,,,,,,,,,,,,,,,
"MODRA CM 4 UPC 1E-06 DM 2","0","NaN","141","PrePrimary10",0,,,,,,,,,,,,,,,,,,,,,,,,,,,,,,,,,,,,,,,,,,,,,,,,,,,,,,,,,,,,,,,,,,,,,,,,,,,,,,,,,,,,,,
"MODRA CM 4 UPC 1E-06 DM 2","0","NaN","141","Truly Liable",6E-12,0,1,0.664013,1,2.0008E-07,1,1,0.193849,5.81211,6.99998,1.86888,5.69701E-07,5.12514E-07,4.64761E-07,0.242927,0.215992,0.19412,0.179962,0.166998,1,1,0.937499,0.895045,,,1.90372E-07,,,,,5.76765E-10,7.06952E-09,2.062E-9,0.673997,10.6,7.99999,18.6,1.40001,1000.13,990,0.4,1,2.0287E-7,1,1,2.05258E-07,0.806158,1.20616,6.99998E-06,0.806151,0.806151,0,0,1.90372E-7,1.875,5.76765E-10,7.06952E-09,6.9217E-10,1,0,-1.1762E-14,0.0114579,0.0370624,0.0854224,0.14456,0.189097,0.203164,0.18602,0.143217,0.0114579,0.0370624,0.0854224,0.14456,0.189097,0.203164,0.18602,0.143217,1,2.0008E-07,2.0008E-07,1,1.90372E-07,5.76765E-10,7.06952E-09,6.7214E-10,1.3896E-9
"MODRA CM 4 UPC 1E-06 DM 2","0","NaN","141","Truly Not Liable",6E-12,0,1,0.177478,1,2.0008E-07,1,1,0.129034,1.91982,7,0.652612,0.374485,0.331208,0.294308,0,0,0,0,0,1,1,0.937499,0.460159,,,9.09297E-08,,,,,4.76627E-08,4.0884E-08,2.06E-08,0.360003,10.6,7.99999,18.6,1.40001,1000.13,990,0.4,2,0,2,4,0,0.870973,1.27097,7E-06,0.870966,0,0.870966,0,9.09297E-8,1.875,4.76627E-08,4.0884E-08,3.21008E-08,0,0,-1.56892E-14,0.260975,0.284558,0.231236,0.139074,0.0607317,0.0187994,0.00403524,0.000590832,0.260975,0.284558,0.231236,0.139074,0.0607317,0.0187994,0.00403524,0.000590832,1,2.0008E-07,2.0008E-07,1,9.09297E-08,4.76627E-08,4.0884E-08,1.31863E-8,7.4174E-9
"MODRA CM 4 UPC 1E-06 DM 2","0","NaN","141","Liability Strength1",0.125,1,1.76728E-11,0.0625,1.767E-11,3.53597E-18,2.00081E-07,1.76728E-11,2.10876E-12,1,1.40057E-06,6.09792,1,0,0,0,0,0,0,0,1,1,0.937499,0.302877,,,9.71389E-19,,,,,1.42503E-18,7.43615E-19,3.96E-19,0.277541,10,9.999,19.999,0.001,1000,1000,7.06912E-12,3.535E-11,0,3.5346E-11,7.06910E-11,0,0.001,0.001,0.001,1.5564E-11,0,1.5564E-11,0,9.7139E-19,1.875,1.42503E-18,7.43615E-19,8.41959E-19,1.65038E-06,0,0.936797,0.224506,0.243913,0.207844,0.146457,0.0898779,0.0498856,0.0255123,0.0120042,0.394013,0.326144,0.184955,0.0718395,0.0191033,0.00347594,0.00043252,3.67821E-05,1.7673E-11,3.53597E-18,1,1.76728E-11,9.71389E-19,1.42503E-18,7.43615E-19,2.8604E-19,1.099E-19
"MODRA CM 4 UPC 1E-06 DM 2","0","NaN","141","Liability Strength2",0.125,1,1.56304E-11,0.1875,1.563E-11,3.12734E-18,2.0008E-07,1.56304E-11,2.02133E-12,2,1.40056E-06,7.43095,0,1,0,0,0,0,0,0,1,1,0.937499,0.465243,,,1.43944E-18,,,,,6.42235E-19,6.87874E-19,3.58E-19,0.369416,10,9.999,19.999,0.001,1000,1000,6.25218E-12,3.126E-11,0,3.1261E-11,6.25216E-11,0,0.001,0.001,0.001,1.36091E-11,0,1.36091E-11,0,1.4394E-18,1.875,6.42235E-19,6.87874E-19,4.95496E-19,1.67871E-06,0,0.708348,0.194112,0.219708,0.199287,0.153454,0.105577,0.0669822,0.0395276,0.0213526,0.245941,0.29712,0.245941,0.139472,0.0541732,0.0144055,0.00262116,0.000326158,1.563E-11,3.12734E-18,1,1.56304E-11,1.43944E-18,6.42235E-19,6.87874E-19,2.2561E-19,1.322E-19
"MODRA CM 4 UPC 1E-06 DM 2","0","NaN","141","Liability Strength3",0.125,1,1.38890E-11,0.3125,1.389E-11,2.77892E-18,2.0008E-07,1.38890E-11,1.9593E-12,3,1.40056E-06,8.6857,0,0,1,0,0,0,0,0,1,1,0.937499,0.654569,,,1.88036E-18,,,,,1.82034E-19,4.97914E-19,2.19E-19,0.493943,10,9.999,19.999,0.001,1000,1000,5.55562E-12,2.778E-11,0,2.7778E-11,5.55561E-11,0,0.001,0.001,0.001,1.19297E-11,0,1.19297E-11,0,1.8804E-18,1.875,1.82034E-19,4.97914E-19,1.77451E-19,1.71316E-06,0,0.437073,0.153949,0.184875,0.182924,0.158242,0.125175,0.0924049,0.063351,0.0390781,0.122436,0.215899,0.260827,0.215899,0.122436,0.047556,0.0126459,0.00230099,1.3889E-11,2.77892E-18,1,1.38890E-11,1.88036E-18,1.82034E-19,4.97914E-19,1.1063E-19,1.080E-19
"MODRA CM 4 UPC 1E-06 DM 2","0","NaN","141","Liability Strength4",0.125,1,1.2437E-11,0.4375,1.244E-11,2.4884E-18,2.0008E-07,1.2437E-11,1.92841E-12,4,1.40056E-06,9.8613,0,0,0,1,0,0,0,0,1,1,0.937499,0.809586,,,2.12463E-18,,,,,2.748E-20,2.53325E-19,8.3E-20,0.640212,10,9.999,19.999,0.001,1000,1000,4.97481E-12,1.244E-11,0,1.2437E-11,1.2437E-11,0,0.001,0.001,0.001,1.05086E-11,1.05086E-11,0,0,2.1246E-18,1.875,2.748E-20,2.53325E-19,3.25865E-20,1,0,0.146668,0.109098,0.14195,0.157028,0.15609,0.144135,0.124491,0.0986584,0.0685484,0.045497,0.117135,0.206552,0.249534,0.206552,0.117135,0.045497,0.0120984,1.2437E-11,2.4884E-18,1,1.2437E-11,2.12463E-18,2.748E-20,2.53325E-19,2.9851E-20,5.312E-20
"MODRA CM 4 UPC 1E-06 DM 2","0","NaN","141","Liability Strength5",0.125,1,1.10581E-11,0.5625,1.106E-11,2.21250E-18,2.00079E-07,1.10581E-11,1.90152E-12,5,1.40056E-06,10.9569,0,0,0,0,1,0,0,0,1,1,0.937499,0.895283,,,2.10575E-18,,,,,1.97926E-21,8.54551E-20,1.93E-20,0.781506,10,9.999,19.999,0.001,1000,1000,4.42322E-12,1.106E-11,0,1.1058E-11,1.10581E-11,0,0.001,0.001,0.001,9.15654E-12,9.156539999999998E-12,0,0,2.1057E-18,1.875,1.97926E-21,8.54551E-20,2.74239E-21,1,0,-0.146668,0.0685484,0.0986584,0.124491,0.144135,0.15609,0.157028,0.14195,0.109098,0.0120984,0.045497,0.117135,0.206552,0.249534,0.206552,0.117135,0.045497,1.1058E-11,2.21250E-18,1,1.10581E-11,2.10575E-18,1.97926E-21,8.54551E-20,4.2202E-21,1.509E-20
"MODRA CM 4 UPC 1E-06 DM 2","0","NaN","141","Liability Strength6",0.125,1,9.93826E-12,0.6875,9.938E-12,1.98845E-18,2.0008E-07,9.93826E-12,1.91574E-12,6,1.40056E-06,11.9715,0,0,0,0,0,1,0,0,1,1,0.937499,0.927602,,,1.96595E-18,,,,,6.78839E-23,1.94983E-20,2.93E-21,0.889182,10,9.999,19.999,0.001,1000,1000,3.97531E-12,9.938E-12,0,9.9383E-12,9.93826E-12,0,0.001,0.001,0.001,8.02252E-12,8.02252E-12,0,0,1.966E-18,1.875,6.78839E-23,1.94983E-20,1.05755E-22,1,0,-0.437073,0.0390781,0.063351,0.0924049,0.125175,0.158242,0.182924,0.184875,0.153949,0.00230099,0.0126459,0.047556,0.122436,0.215899,0.260827,0.215899,0.122436,9.9383E-12,1.98845E-18,1,9.93826E-12,1.96595E-18,6.78839E-23,1.94983E-20,3.2446E-22,2.603E-21
"MODRA CM 4 UPC 1E-06 DM 2","0","NaN","141","Liability Strength7",0.125,1,9.21343E-12,0.8125,9.213E-12,1.84342E-18,2.0008E-07,9.21343E-12,2.01725E-12,7,1.40056E-06,12.9043,0,0,0,0,0,0,1,0,1,1,0.937499,0.935815,,,1.83987E-18,,,,,1.24153E-24,3.23273E-21,3.16E-22,0.952967,10,9.999,19.999,0.001,1000,1000,3.68537E-12,9.213E-12,0,9.2134E-12,9.21343E-12,0,0.001,0.001,0.001,7.19617E-12,7.196169999999999E-12,0,0,1.8399E-18,1.875,1.24153E-24,3.23273E-21,2.10395E-24,1,0,-0.708348,0.0213526,0.0395276,0.0669822,0.105577,0.153454,0.199287,0.219708,0.194112,0.000326158,0.00262116,0.0144055,0.0541732,0.139472,0.245941,0.29712,0.245941,9.2134E-12,1.84342E-18,1,9.21342E-12,1.83987E-18,1.24153E-24,3.23273E-21,1.4884E-23,3.016E-22
"MODRA CM 4 UPC 1E-06 DM 2","0","NaN","141","Liability Strength8",0.125,1,8.54975E-12,0.9375,8.55E-12,1.71063E-18,2.00081E-07,8.54975E-12,2.16149E-12,8,1.40056E-06,13.7544,0,0,0,0,0,0,0,1,1,1,0.937499,0.93727,,,1.71018E-18,,,,,1.45845E-26,4.23789E-22,2.67E-23,0.982877,10,9.999,19.999,0.001,1000,1000,3.4199E-12,8.55E-12,0,8.5497E-12,8.54975E-12,0,0.001,0.001,0.001,6.38826E-12,6.38826E-12,0,0,1.7102E-18,1.875,1.45845E-26,4.23789E-22,2.61947E-26,1,0,-0.936797,0.0120042,0.0255123,0.0498856,0.0898779,0.146457,0.207844,0.243913,0.224506,3.67821E-05,0.00043252,0.00347594,0.0191033,0.0718395,0.184955,0.326144,0.394013,8.5497E-12,1.71063E-18,1,8.54974E-12,1.71018E-18,1.45845E-26,4.23789E-22,4.5783E-25,2.628E-23
"MODRA CM 4 UPC 1E-06 DM 2","0","NaN","141","PLiabilitySignal1",0.1028,1,1.56842E-11,0.292099,1.568E-11,3.13809E-18,2.0008E-07,1.56842E-11,1.98672E-12,2.83679,1.40056E-06,8.36811,0.272907,0.235959,0.187138,0.132618,0.0833264,0.0475028,0.0259559,0.0145922,1,1,0.937499,0.427844,,,1.31027E-18,,,,,1.37356E-18,4.54262E-19,7.36E-25,0.282485,10,9.999,19.999,0.001,1000,1000,6.27368E-12,3.066E-11,0,3.0655E-11,6.05976E-11,0,0.001,0.001,0.001,1.36975E-11,5.996479999999999E-13,1.3097800000000002E-11,0,1.3103E-18,1.875,1.37356E-18,4.54262E-19,9.08521E-19,0.0454643,0,-1.50627,1,0,0,0,0,0,0,0,0.283165,0.284353,0.214217,0.12544,0.0593233,0.0234005,0.00784805,0.00225338,1.5684E-11,3.13809E-18,1,1.56842E-11,1.31027E-18,1.37356E-18,4.54262E-19,5.279E-25,2.078E-25
"MODRA CM 4 UPC 1E-06 DM 2","0","NaN","141","PLiabilitySignal2",0.1272,1,1.50628E-11,0.325701,1.506E-11,3.01377E-18,2.0008E-07,1.50628E-11,1.98463E-12,3.10561,1.40056E-06,8.6742,0.239719,0.21593,0.181696,0.139509,0.0969621,0.0622618,0.0388479,0.0250736,1,1,0.937499,0.495122,,,1.49008E-18,,,,,1.12912E-18,3.94574E-19,1.03E-24,0.306859,10,9.999,19.999,0.001,1000,1000,6.02514E-12,2.826E-11,0,2.8261E-11,5.46568E-11,0,0.001,0.001,0.001,1.30782E-11,1.56365E-12,1.15146E-11,0,1.4901E-18,1.875,1.12912E-18,3.94574E-19,7.89143E-19,0.123804,0,-0.837045,0,1,0,0,0,0,0,0,0.2299,0.252798,0.216092,0.149198,0.0859312,0.0420859,0.01765,0.00634518,1.5063E-11,3.01377E-18,1,1.50628E-11,1.49008E-18,1.12912E-18,3.94574E-19,7.1308E-25,3.157E-25
"MODRA CM 4 UPC 1E-06 DM 2","0","NaN","141","PLiabilitySignal3",0.1351,1,1.41425E-11,0.380225,1.414E-11,2.82963E-18,2.0008E-07,1.41425E-11,1.98573E-12,3.5418,1.40056E-06,9.1654,0.192297,0.18438,0.169242,0.145283,0.115179,0.0854931,0.061972,0.0461542,1,1,0.937499,0.589992,,,1.70584E-18,,,,,1.51243E-24,6.14826E-19,5.09E-19,0.343393,10,9.999,19.999,0.001,1000,1000,5.657E-12,2.424E-11,0,2.4239E-11,4.44313E-11,0,0.001,0.001,0.001,1.21568E-11,3.3762399999999998E-12,8.78051E-12,0,1.7058E-18,1.875,1.51243E-24,6.14826E-19,1.23016E-25,0.286103,0,-0.36328,0,0,1,0,0,0,0,0,0.163043,0.203426,0.205016,0.172371,0.123246,0.0754669,0.0396191,0.0178105,1.4142E-11,2.82963E-18,1,1.41425E-11,1.70584E-18,1.51243E-24,6.14826E-19,3.3419E-19,1.748E-19
"MODRA CM 4 UPC 1E-06 DM 2","0","NaN","141","PLiabilitySignal4",0.1349,1,1.29417E-11,0.456755,1.294E-11,2.58937E-18,2.0008E-07,1.29417E-11,1.99166E-12,4.15404,1.40056E-06,9.84562,0.135733,0.142218,0.146655,0.144661,0.133581,0.11601,0.0978462,0.0832966,1,1,0.937499,0.702038,,,1.89257E-18,,,,,9.35116E-25,4.0775E-19,2.89E-19,0.395741,10,9.999,19.999,0.001,1000,1000,5.17667E-12,1.902E-11,0,1.9024E-11,3.11896E-11,0,0.001,0.001,0.001,1.095E-11,5.67669E-12,5.2733199999999996E-12,0,1.8926E-18,1.875,9.35116E-25,4.0775E-19,8.15834E-26,0.529996,0,-0.0910439,0,0,0,1,0,0,0,0,0.0956372,0.140692,0.172665,0.180209,0.16108,0.123456,0.0810322,0.0452287,1.2942E-11,2.58937E-18,1,1.29417E-11,1.89257E-18,9.35116E-25,4.0775E-19,1.7466E-19,1.144E-19
"MODRA CM 4 UPC 1E-06 DM 2","0","NaN","141","PLiabilitySignal5",0.1349,1,1.16284E-11,0.543245,1.163E-11,2.32661E-18,2.0008E-07,1.16284E-11,2.0028E-12,4.84596,1.40056E-06,10.6028,0.0832966,0.0978462,0.11601,0.133581,0.144661,0.146655,0.142218,0.135733,1,1,0.937499,0.8042,,,1.97217E-18,,,,,4.85719E-26,2.23365E-19,1.31E-19,0.46514,10,9.999,19.999,0.001,1000,1000,4.65136E-12,1.428E-11,0,1.4285E-11,1.95970E-11,0,0.001,0.001,0.001,9.6256E-12,7.329059999999999E-12,2.29654E-12,0,1.9722E-18,1.875,4.85719E-26,2.23365E-19,4.46909E-26,0.771577,0,0.0910439,0,0,0,0,1,0,0,0,0.0452287,0.0810322,0.123456,0.16108,0.180209,0.172665,0.140692,0.0956372,1.1628E-11,2.32661E-18,1,1.16284E-11,1.97217E-18,4.85719E-26,2.23365E-19,7.011E-20,6.097E-20
"MODRA CM 4 UPC 1E-06 DM 2","0","NaN","141","PLiabilitySignal6",0.1351,1,1.04441E-11,0.619775,1.044E-11,2.08966E-18,2.0008E-07,1.04441E-11,2.01579E-12,5.4582,1.40056E-06,11.2625,0.0461542,0.061972,0.0854931,0.115179,0.145283,0.169242,0.18438,0.192297,1,1,0.937499,0.873692,,,1.93727E-18,,,,,2.01559E-26,1.03291E-19,4.91E-20,0.547947,10,9.999,19.999,0.001,1000,1000,4.17764E-12,1.126E-11,0,1.1265E-11,1.29066E-11,0,0.001,0.001,0.001,8.42831E-12,7.720109999999999E-12,7.082049999999999E-13,0,1.9373E-18,1.875,2.01559E-26,1.03291E-19,2.06665E-26,0.921408,0,0.36328,0,0,0,0,0,1,0,0,0.0178105,0.0396191,0.0754669,0.123246,0.172371,0.205016,0.203426,0.163043,1.0444E-11,2.08966E-18,1,1.04441E-11,1.93727E-18,2.01559E-26,1.03291E-19,2.2193E-20,2.690E-20
"MODRA CM 4 UPC 1E-06 DM 2","0","NaN","141","PLiabilitySignal7",0.1272,1,9.54701E-12,0.674299,9.547E-12,1.91017E-18,2.0008E-07,9.54701E-12,2.02397E-12,5.89439,1.40056E-06,11.7259,0.0250736,0.0388479,0.0622618,0.0969621,0.139509,0.181696,0.21593,0.239719,1,1,0.937499,0.910062,,,1.85027E-18,,,,,7.64714E-27,4.33567E-20,1.65E-20,0.636128,10,9.999,19.999,0.001,1000,1000,3.81881E-12,9.734E-12,0,9.7342E-12,1.01085E-11,0,0.001,0.001,0.001,7.52305E-12,7.361809999999999E-12,1.6123899999999998E-13,0,1.8503E-18,1.875,7.64714E-27,4.33567E-20,8.67482E-27,0.980396,0,0.837045,0,0,0,0,0,0,1,0,0.00634518,0.01765,0.0420859,0.0859312,0.149198,0.216092,0.252798,0.2299,9.5470E-12,1.91017E-18,1,9.54701E-12,1.85027E-18,7.64714E-27,4.33567E-20,6.0192E-21,1.052E-20
"MODRA CM 4 UPC 1E-06 DM 2","0","NaN","141","PLiabilitySignal8",0.1028,1,8.94684E-12,0.707901,8.947E-12,1.79008E-18,2.0008E-07,8.94684E-12,2.02471E-12,6.16321,1.40056E-06,12.0081,0.0145922,0.0259559,0.0475028,0.0833264,0.132618,0.187138,0.235959,0.272907,1,1,0.937499,0.925946,,,1.76644E-18,,,,,2.91855E-27,1.81036E-20,5.54E-21,0.721036,10,9.999,19.999,0.001,1000,1000,3.57874E-12,8.981E-12,0,8.9807E-12,9.04852E-12,0,0.001,0.001,0.001,6.92213E-12,6.89296E-12,2.91706E-14,0,1.7664E-18,1.875,2.91855E-27,1.81036E-20,3.62218E-27,0.996212,0,1.50627,0,0,0,0,0,0,0,1,0.00225338,0.00784805,0.0234005,0.0593233,0.12544,0.214217,0.284353,0.283165,8.9468E-12,1.79008E-18,1,8.94683E-12,1.76644E-18,2.91855E-27,1.81036E-20,1.5441E-21,3.991E-21
"MODRA CM 4 UPC 1E-06 DM 2","0","NaN","141","DLiabilitySignal1",0.1028,1,1.56842E-11,0.167256,1.568E-11,3.13809E-18,2.0008E-07,1.56842E-11,1.98672E-12,1.83804,1.40056E-06,7.18065,0.478956,0.298962,0.148831,0.0553055,0.0147066,0.00279705,0.000396473,4.47118E-05,1,1,0.937499,0.0625022,,,6.46016E-24,,,,,1.82783E-18,4.4502E-25,1.31E-18,0.390751,10,9.999,19.999,0.001,1000,1000,6.27368E-12,3.066E-11,0,3.0655E-11,6.05975E-11,0,0.001,0.001,0.001,1.36975E-11,5.996479999999999E-13,1.3097800000000002E-11,0,6.4602E-24,1.70491,1.82783E-18,4.4502E-25,3.65711E-25,0.0454643,0,1.50627,0.283165,0.284353,0.214217,0.12544,0.0593233,0.0234005,0.00784805,0.00225338,1,0,0,0,0,0,0,0,1.5684E-11,3.13809E-18,1,1.56842E-11,6.46016E-24,1.82783E-18,4.4502E-25,7.9828E-19,5.120E-19
"MODRA CM 4 UPC 1E-06 DM 2","0","NaN","141","DLiabilitySignal2",0.1272,1,1.50628E-11,0.227648,1.506E-11,3.01377E-18,2.0008E-07,1.50628E-11,1.98463E-12,2.32118,1.40056E-06,7.78057,0.320536,0.292011,0.212187,0.115121,0.0447147,0.0124285,0.00257609,0.000425084,1,1,0.937499,0.0625022,,,6.32265E-24,,,,,7.61846E-19,2.25192E-18,7.84E-25,0.550594,10,9.999,19.999,0.001,1000,1000,6.02514E-12,2.826E-11,0,2.8261E-11,5.46569E-11,0,0.001,0.001,0.001,1.30782E-11,1.56365E-12,1.15146E-11,0,6.3227E-24,1.7081,7.61846E-19,2.25192E-18,1.52368E-18,0.123804,0,0.837045,0.2299,0.252798,0.216092,0.149198,0.0859312,0.0420859,0.01765,0.00634518,0,1,0,0,0,0,0,0,1.5063E-11,3.01377E-18,1,1.50628E-11,6.32265E-24,7.61846E-19,2.25192E-18,3.5225E-25,4.316E-25
"MODRA CM 4 UPC 1E-06 DM 2","0","NaN","141","DLiabilitySignal3",0.1351,1,1.41425E-11,0.317431,1.414E-11,2.82963E-18,2.0008E-07,1.41425E-11,1.98573E-12,3.03945,1.40056E-06,8.64526,0.17112,0.227545,0.241317,0.191102,0.108373,0.0439988,0.013328,0.00321594,1,1,0.937499,0.937499,,,2.82962E-18,,,,,2.65177E-25,3.69788E-24,1.41E-30,0.588829,10,9.999,19.999,0.001,1000,1000,5.657E-12,2.424E-11,0,2.4239E-11,4.44313E-11,0,0.001,0.001,0.001,1.21568E-11,3.3762399999999998E-12,8.78051E-12,0,2.8296E-18,1.875,2.65177E-25,3.69788E-24,5.30350E-25,0.286103,0,0.36328,0.163043,0.203426,0.205016,0.172371,0.123246,0.0754669,0.0396191,0.0178105,0,0,1,0,0,0,0,0,1.4142E-11,2.82963E-18,1,1.41425E-11,2.82962E-18,2.65177E-25,3.69788E-24,5.8063E-31,8.315E-31
"MODRA CM 4 UPC 1E-06 DM 2","0","NaN","141","DLiabilitySignal4",0.1349,1,1.29417E-11,0.435182,1.294E-11,2.58937E-18,2.0008E-07,1.29417E-11,1.99166E-12,3.98146,1.40056E-06,9.73223,0.0665791,0.129259,0.20009,0.231262,0.191427,0.11347,0.0502064,0.0177045,1,1,0.937499,0.937499,,,2.58936E-18,,,,,1.56458E-25,3.4701E-24,1E-30,0.679178,10,9.999,19.999,0.001,1000,1000,5.17667E-12,1.902E-11,0,1.9024E-11,3.11896E-11,0,0.001,0.001,0.001,1.095E-11,5.67669E-12,5.2733199999999996E-12,0,2.5894E-18,1.875,1.56458E-25,3.4701E-24,3.12916E-25,0.529996,0,0.0910439,0.0956372,0.140692,0.172665,0.180209,0.16108,0.123456,0.0810322,0.0452287,0,0,0,1,0,0,0,0,1.2942E-11,2.58937E-18,1,1.29417E-11,2.58936E-18,1.56458E-25,3.4701E-24,3.2196E-31,6.816E-31
"MODRA CM 4 UPC 1E-06 DM 2","0","NaN","141","DLiabilitySignal5",0.1349,1,1.16284E-11,0.564818,1.163E-11,2.32661E-18,2.0008E-07,1.16284E-11,2.0028E-12,5.01854,1.40056E-06,10.8674,0.0177045,0.0502064,0.11347,0.191427,0.231262,0.20009,0.129259,0.0665791,1,1,0.937499,0.937499,,,2.32661E-18,,,,,7.47987E-26,3.18376E-24,6.22E-31,0.766323,10,9.999,19.999,0.001,1000,1000,4.65136E-12,1.428E-11,0,1.4285E-11,1.95970E-11,0,0.001,0.001,0.001,9.6256E-12,7.329059999999999E-12,2.29654E-12,0,2.3266E-18,1.875,7.47987E-26,3.18376E-24,1.49597E-25,0.771577,0,-0.0910439,0.0452287,0.0810322,0.123456,0.16108,0.180209,0.172665,0.140692,0.0956372,0,0,0,0,1,0,0,0,1.1628E-11,2.32661E-18,1,1.16284E-11,2.32661E-18,7.47987E-26,3.18376E-24,1.4536E-31,4.767E-31
"MODRA CM 4 UPC 1E-06 DM 2","0","NaN","141","DLiabilitySignal6",0.1351,1,1.04441E-11,0.682569,1.044E-11,2.08966E-18,2.0008E-07,1.04441E-11,2.01579E-12,5.96055,1.40056E-06,11.8423,0.00321594,0.013328,0.0439988,0.108373,0.191102,0.241317,0.227545,0.17112,1,1,0.937499,0.937499,,,2.08965E-18,,,,,2.99787E-26,2.89671E-24,5.74E-31,0.864913,10,9.999,19.999,0.001,1000,1000,4.17764E-12,1.126E-11,0,1.1265E-11,1.29066E-11,0,0.001,0.001,0.001,8.42831E-12,7.720109999999999E-12,7.082049999999999E-13,0,2.0897E-18,1.875,2.99787E-26,2.89671E-24,5.99575E-26,0.921408,0,-0.36328,0.0178105,0.0396191,0.0754669,0.123246,0.172371,0.205016,0.203426,0.163043,0,0,0,0,0,1,0,0,1.0444E-11,2.08966E-18,1,1.04441E-11,2.08965E-18,2.99787E-26,2.89671E-24,7.7482E-32,4.961E-31
"MODRA CM 4 UPC 1E-06 DM 2","0","NaN","141","DLiabilitySignal7",0.1272,1,9.54701E-12,0.772352,9.547E-12,1.91017E-18,2.0008E-07,9.54701E-12,2.02397E-12,6.67882,1.40056E-06,12.5492,0.000425084,0.00257609,0.0124285,0.0447147,0.115121,0.212187,0.292011,0.320536,1,1,0.937499,0.937499,,,1.91016E-18,,,,,1.09570E-26,2.66434E-24,5.31E-31,0.926979,10,9.999,19.999,0.001,1000,1000,3.81881E-12,9.734E-12,0,9.7342E-12,1.01085E-11,0,0.001,0.001,0.001,7.52305E-12,7.361809999999999E-12,1.6123899999999998E-13,0,1.9102E-18,1.875,1.09570E-26,2.66434E-24,2.19139E-26,0.980396,0,-0.837045,0.00634518,0.01765,0.0420859,0.0859312,0.149198,0.216092,0.252798,0.2299,0,0,0,0,0,0,1,0,9.5470E-12,1.91017E-18,1,9.54701E-12,1.91016E-18,1.09570E-26,2.66434E-24,3.8766E-32,4.921E-31
"MODRA CM 4 UPC 1E-06 DM 2","0","NaN","141","DLiabilitySignal8",0.1028,1,8.94684E-12,0.832744,8.947E-12,1.79008E-18,2.0008E-07,8.94684E-12,2.02471E-12,7.16196,1.40056E-06,13.0059,4.47118E-05,0.000396473,0.00279705,0.0147066,0.0553055,0.148831,0.298962,0.478956,1,1,0.937499,0.937499,,,1.79008E-18,,,,,4.02605E-27,2.50309E-24,5E-31,0.960163,10,9.999,19.999,0.001,1000,1000,3.57874E-12,8.981E-12,0,8.9807E-12,9.04852E-12,0,0.001,0.001,0.001,6.92213E-12,6.89296E-12,2.91706E-14,0,1.7901E-18,1.875,4.02605E-27,2.50309E-24,8.05210E-27,0.996212,0,-1.50627,0.00225338,0.00784805,0.0234005,0.0593233,0.12544,0.214217,0.284353,0.283165,0,0,0,0,0,0,0,1,8.9468E-12,1.79008E-18,1,8.94683E-12,1.79008E-18,4.02605E-27,2.50309E-24,1.9919E-32,4.801E-31
"MODRA CM 4 UPC 1E-06 DM 2","0","NaN","141","High Quality",0.125,1,8.54975E-12,0.9375,8.55E-12,1.71063E-18,2.00081E-07,8.54975E-12,2.16149E-12,8,1.40056E-06,13.7544,0,0,0,0,0,0,0,1,1,1,0.937499,0.93727,,,1.71018E-18,,,,,1.45845E-26,4.23789E-22,2.67E-23,0.982877,10,9.999,19.999,0.001,1000,1000,3.4199E-12,8.55E-12,0,8.5497E-12,8.54975E-12,0,0.001,0.001,0.001,6.38826E-12,6.38826E-12,0,0,1.7102E-18,1.875,1.45845E-26,4.23789E-22,2.61947E-26,1,0,-0.936797,0.0120042,0.0255123,0.0498856,0.0898779,0.146457,0.207844,0.243913,0.224506,3.67821E-05,0.00043252,0.00347594,0.0191033,0.0718395,0.184955,0.326144,0.394013,8.5497E-12,1.71063E-18,1,8.54974E-12,1.71018E-18,1.45845E-26,4.23789E-22,4.5783E-25,2.628E-23
"MODRA CM 4 UPC 1E-06 DM 2","0","NaN","141","PLiabilitySignal 1",0.1028,1,1.56842E-11,0.292099,1.568E-11,3.13809E-18,2.0008E-07,1.56842E-11,1.98672E-12,2.83679,1.40056E-06,8.36811,0.272907,0.235959,0.187138,0.132618,0.0833264,0.0475028,0.0259559,0.0145922,1,1,0.937499,0.427844,,,1.31027E-18,,,,,1.37356E-18,4.54262E-19,7.36E-25,0.282485,10,9.999,19.999,0.001,1000,1000,6.27368E-12,3.066E-11,0,3.0655E-11,6.05976E-11,0,0.001,0.001,0.001,1.36975E-11,5.996479999999999E-13,1.3097800000000002E-11,0,1.3103E-18,1.875,1.37356E-18,4.54262E-19,9.08521E-19,0.0454643,0,-1.50627,1,0,0,0,0,0,0,0,0.283165,0.284353,0.214217,0.12544,0.0593233,0.0234005,0.00784805,0.00225338,1.5684E-11,3.13809E-18,1,1.56842E-11,1.31027E-18,1.37356E-18,4.54262E-19,5.279E-25,2.078E-25
"MODRA CM 4 UPC 1E-06 DM 2","0","NaN","141","PLiabilitySignal 2",0.1272,1,1.50628E-11,0.325701,1.506E-11,3.01377E-18,2.0008E-07,1.50628E-11,1.98463E-12,3.10561,1.40056E-06,8.6742,0.239719,0.21593,0.181696,0.139509,0.0969621,0.0622618,0.0388479,0.0250736,1,1,0.937499,0.495122,,,1.49008E-18,,,,,1.12912E-18,3.94574E-19,1.03E-24,0.306859,10,9.999,19.999,0.001,1000,1000,6.02514E-12,2.826E-11,0,2.8261E-11,5.46568E-11,0,0.001,0.001,0.001,1.30782E-11,1.56365E-12,1.15146E-11,0,1.4901E-18,1.875,1.12912E-18,3.94574E-19,7.89143E-19,0.123804,0,-0.837045,0,1,0,0,0,0,0,0,0.2299,0.252798,0.216092,0.149198,0.0859312,0.0420859,0.01765,0.00634518,1.5063E-11,3.01377E-18,1,1.50628E-11,1.49008E-18,1.12912E-18,3.94574E-19,7.1308E-25,3.157E-25
"MODRA CM 4 UPC 1E-06 DM 2","0","NaN","141","PLiabilitySignal 3",0.1351,1,1.41425E-11,0.380225,1.414E-11,2.82963E-18,2.0008E-07,1.41425E-11,1.98573E-12,3.5418,1.40056E-06,9.1654,0.192297,0.18438,0.169242,0.145283,0.115179,0.0854931,0.061972,0.0461542,1,1,0.937499,0.589992,,,1.70584E-18,,,,,1.51243E-24,6.14826E-19,5.09E-19,0.343393,10,9.999,19.999,0.001,1000,1000,5.657E-12,2.424E-11,0,2.4239E-11,4.44313E-11,0,0.001,0.001,0.001,1.21568E-11,3.3762399999999998E-12,8.78051E-12,0,1.7058E-18,1.875,1.51243E-24,6.14826E-19,1.23016E-25,0.286103,0,-0.36328,0,0,1,0,0,0,0,0,0.163043,0.203426,0.205016,0.172371,0.123246,0.0754669,0.0396191,0.0178105,1.4142E-11,2.82963E-18,1,1.41425E-11,1.70584E-18,1.51243E-24,6.14826E-19,3.3419E-19,1.748E-19
"MODRA CM 4 UPC 1E-06 DM 2","0","NaN","141","PLiabilitySignal 4",0.1349,1,1.29417E-11,0.456755,1.294E-11,2.58937E-18,2.0008E-07,1.29417E-11,1.99166E-12,4.15404,1.40056E-06,9.84562,0.135733,0.142218,0.146655,0.144661,0.133581,0.11601,0.0978462,0.0832966,1,1,0.937499,0.702038,,,1.89257E-18,,,,,9.35116E-25,4.0775E-19,2.89E-19,0.395741,10,9.999,19.999,0.001,1000,1000,5.17667E-12,1.902E-11,0,1.9024E-11,3.11896E-11,0,0.001,0.001,0.001,1.095E-11,5.67669E-12,5.2733199999999996E-12,0,1.8926E-18,1.875,9.35116E-25,4.0775E-19,8.15834E-26,0.529996,0,-0.0910439,0,0,0,1,0,0,0,0,0.0956372,0.140692,0.172665,0.180209,0.16108,0.123456,0.0810322,0.0452287,1.2942E-11,2.58937E-18,1,1.29417E-11,1.89257E-18,9.35116E-25,4.0775E-19,1.7466E-19,1.144E-19
"MODRA CM 4 UPC 1E-06 DM 2","0","NaN","141","PLiabilitySignal 5",0.1349,1,1.16284E-11,0.543245,1.163E-11,2.32661E-18,2.0008E-07,1.16284E-11,2.0028E-12,4.84596,1.40056E-06,10.6028,0.0832966,0.0978462,0.11601,0.133581,0.144661,0.146655,0.142218,0.135733,1,1,0.937499,0.8042,,,1.97217E-18,,,,,4.85719E-26,2.23365E-19,1.31E-19,0.46514,10,9.999,19.999,0.001,1000,1000,4.65136E-12,1.428E-11,0,1.4285E-11,1.95970E-11,0,0.001,0.001,0.001,9.6256E-12,7.329059999999999E-12,2.29654E-12,0,1.9722E-18,1.875,4.85719E-26,2.23365E-19,4.46909E-26,0.771577,0,0.0910439,0,0,0,0,1,0,0,0,0.0452287,0.0810322,0.123456,0.16108,0.180209,0.172665,0.140692,0.0956372,1.1628E-11,2.32661E-18,1,1.16284E-11,1.97217E-18,4.85719E-26,2.23365E-19,7.011E-20,6.097E-20
"MODRA CM 4 UPC 1E-06 DM 2","0","NaN","141","PLiabilitySignal 6",0.1351,1,1.04441E-11,0.619775,1.044E-11,2.08966E-18,2.0008E-07,1.04441E-11,2.01579E-12,5.4582,1.40056E-06,11.2625,0.0461542,0.061972,0.0854931,0.115179,0.145283,0.169242,0.18438,0.192297,1,1,0.937499,0.873692,,,1.93727E-18,,,,,2.01559E-26,1.03291E-19,4.91E-20,0.547947,10,9.999,19.999,0.001,1000,1000,4.17764E-12,1.126E-11,0,1.1265E-11,1.29066E-11,0,0.001,0.001,0.001,8.42831E-12,7.720109999999999E-12,7.082049999999999E-13,0,1.9373E-18,1.875,2.01559E-26,1.03291E-19,2.06665E-26,0.921408,0,0.36328,0,0,0,0,0,1,0,0,0.0178105,0.0396191,0.0754669,0.123246,0.172371,0.205016,0.203426,0.163043,1.0444E-11,2.08966E-18,1,1.04441E-11,1.93727E-18,2.01559E-26,1.03291E-19,2.2193E-20,2.690E-20
"MODRA CM 4 UPC 1E-06 DM 2","0","NaN","141","PLiabilitySignal 7",0.1272,1,9.54701E-12,0.674299,9.547E-12,1.91017E-18,2.0008E-07,9.54701E-12,2.02397E-12,5.89439,1.40056E-06,11.7259,0.0250736,0.0388479,0.0622618,0.0969621,0.139509,0.181696,0.21593,0.239719,1,1,0.937499,0.910062,,,1.85027E-18,,,,,7.64714E-27,4.33567E-20,1.65E-20,0.636128,10,9.999,19.999,0.001,1000,1000,3.81881E-12,9.734E-12,0,9.7342E-12,1.01085E-11,0,0.001,0.001,0.001,7.52305E-12,7.361809999999999E-12,1.6123899999999998E-13,0,1.8503E-18,1.875,7.64714E-27,4.33567E-20,8.67482E-27,0.980396,0,0.837045,0,0,0,0,0,0,1,0,0.00634518,0.01765,0.0420859,0.0859312,0.149198,0.216092,0.252798,0.2299,9.5470E-12,1.91017E-18,1,9.54701E-12,1.85027E-18,7.64714E-27,4.33567E-20,6.0192E-21,1.052E-20
"MODRA CM 4 UPC 1E-06 DM 2","0","NaN","141","PLiabilitySignal 8",0.1028,1,8.94684E-12,0.707901,8.947E-12,1.79008E-18,2.0008E-07,8.94684E-12,2.02471E-12,6.16321,1.40056E-06,12.0081,0.0145922,0.0259559,0.0475028,0.0833264,0.132618,0.187138,0.235959,0.272907,1,1,0.937499,0.925946,,,1.76644E-18,,,,,2.91855E-27,1.81036E-20,5.54E-21,0.721036,10,9.999,19.999,0.001,1000,1000,3.57874E-12,8.981E-12,0,8.9807E-12,9.04852E-12,0,0.001,0.001,0.001,6.92213E-12,6.89296E-12,2.91706E-14,0,1.7664E-18,1.875,2.91855E-27,1.81036E-20,3.62218E-27,0.996212,0,1.50627,0,0,0,0,0,0,0,1,0.00225338,0.00784805,0.0234005,0.0593233,0.12544,0.214217,0.284353,0.283165,8.9468E-12,1.79008E-18,1,8.94683E-12,1.76644E-18,2.91855E-27,1.81036E-20,1.5441E-21,3.991E-21
"MODRA CM 4 UPC 1E-06 DM 2","0","NaN","141","DLiabilitySignal 1",0.1028,1,1.56842E-11,0.167256,1.568E-11,3.13809E-18,2.0008E-07,1.56842E-11,1.98672E-12,1.83804,1.40056E-06,7.18065,0.478956,0.298962,0.148831,0.0553055,0.0147066,0.00279705,0.000396473,4.47118E-05,1,1,0.937499,0.0625022,,,6.46016E-24,,,,,1.82783E-18,4.4502E-25,1.31E-18,0.390751,10,9.999,19.999,0.001,1000,1000,6.27368E-12,3.066E-11,0,3.0655E-11,6.05975E-11,0,0.001,0.001,0.001,1.36975E-11,5.996479999999999E-13,1.3097800000000002E-11,0,6.4602E-24,1.70491,1.82783E-18,4.4502E-25,3.65711E-25,0.0454643,0,1.50627,0.283165,0.284353,0.214217,0.12544,0.0593233,0.0234005,0.00784805,0.00225338,1,0,0,0,0,0,0,0,1.5684E-11,3.13809E-18,1,1.56842E-11,6.46016E-24,1.82783E-18,4.4502E-25,7.9828E-19,5.120E-19
"MODRA CM 4 UPC 1E-06 DM 2","0","NaN","141","DLiabilitySignal 2",0.1272,1,1.50628E-11,0.227648,1.506E-11,3.01377E-18,2.0008E-07,1.50628E-11,1.98463E-12,2.32118,1.40056E-06,7.78057,0.320536,0.292011,0.212187,0.115121,0.0447147,0.0124285,0.00257609,0.000425084,1,1,0.937499,0.0625022,,,6.32265E-24,,,,,7.61846E-19,2.25192E-18,7.84E-25,0.550594,10,9.999,19.999,0.001,1000,1000,6.02514E-12,2.826E-11,0,2.8261E-11,5.46569E-11,0,0.001,0.001,0.001,1.30782E-11,1.56365E-12,1.15146E-11,0,6.3227E-24,1.7081,7.61846E-19,2.25192E-18,1.52368E-18,0.123804,0,0.837045,0.2299,0.252798,0.216092,0.149198,0.0859312,0.0420859,0.01765,0.00634518,0,1,0,0,0,0,0,0,1.5063E-11,3.01377E-18,1,1.50628E-11,6.32265E-24,7.61846E-19,2.25192E-18,3.5225E-25,4.316E-25
"MODRA CM 4 UPC 1E-06 DM 2","0","NaN","141","DLiabilitySignal 3",0.1351,1,1.41425E-11,0.317431,1.414E-11,2.82963E-18,2.0008E-07,1.41425E-11,1.98573E-12,3.03945,1.40056E-06,8.64526,0.17112,0.227545,0.241317,0.191102,0.108373,0.0439988,0.013328,0.00321594,1,1,0.937499,0.937499,,,2.82962E-18,,,,,2.65177E-25,3.69788E-24,1.41E-30,0.588829,10,9.999,19.999,0.001,1000,1000,5.657E-12,2.424E-11,0,2.4239E-11,4.44313E-11,0,0.001,0.001,0.001,1.21568E-11,3.3762399999999998E-12,8.78051E-12,0,2.8296E-18,1.875,2.65177E-25,3.69788E-24,5.30350E-25,0.286103,0,0.36328,0.163043,0.203426,0.205016,0.172371,0.123246,0.0754669,0.0396191,0.0178105,0,0,1,0,0,0,0,0,1.4142E-11,2.82963E-18,1,1.41425E-11,2.82962E-18,2.65177E-25,3.69788E-24,5.8063E-31,8.315E-31
"MODRA CM 4 UPC 1E-06 DM 2","0","NaN","141","DLiabilitySignal 4",0.1349,1,1.29417E-11,0.435182,1.294E-11,2.58937E-18,2.0008E-07,1.29417E-11,1.99166E-12,3.98146,1.40056E-06,9.73223,0.0665791,0.129259,0.20009,0.231262,0.191427,0.11347,0.0502064,0.0177045,1,1,0.937499,0.937499,,,2.58936E-18,,,,,1.56458E-25,3.4701E-24,1E-30,0.679178,10,9.999,19.999,0.001,1000,1000,5.17667E-12,1.902E-11,0,1.9024E-11,3.11896E-11,0,0.001,0.001,0.001,1.095E-11,5.67669E-12,5.2733199999999996E-12,0,2.5894E-18,1.875,1.56458E-25,3.4701E-24,3.12916E-25,0.529996,0,0.0910439,0.0956372,0.140692,0.172665,0.180209,0.16108,0.123456,0.0810322,0.0452287,0,0,0,1,0,0,0,0,1.2942E-11,2.58937E-18,1,1.29417E-11,2.58936E-18,1.56458E-25,3.4701E-24,3.2196E-31,6.816E-31
"MODRA CM 4 UPC 1E-06 DM 2","0","NaN","141","DLiabilitySignal 5",0.1349,1,1.16284E-11,0.564818,1.163E-11,2.32661E-18,2.0008E-07,1.16284E-11,2.0028E-12,5.01854,1.40056E-06,10.8674,0.0177045,0.0502064,0.11347,0.191427,0.231262,0.20009,0.129259,0.0665791,1,1,0.937499,0.937499,,,2.32661E-18,,,,,7.47987E-26,3.18376E-24,6.22E-31,0.766323,10,9.999,19.999,0.001,1000,1000,4.65136E-12,1.428E-11,0,1.4285E-11,1.95970E-11,0,0.001,0.001,0.001,9.6256E-12,7.329059999999999E-12,2.29654E-12,0,2.3266E-18,1.875,7.47987E-26,3.18376E-24,1.49597E-25,0.771577,0,-0.0910439,0.0452287,0.0810322,0.123456,0.16108,0.180209,0.172665,0.140692,0.0956372,0,0,0,0,1,0,0,0,1.1628E-11,2.32661E-18,1,1.16284E-11,2.32661E-18,7.47987E-26,3.18376E-24,1.4536E-31,4.767E-31
"MODRA CM 4 UPC 1E-06 DM 2","0","NaN","141","DLiabilitySignal 6",0.1351,1,1.04441E-11,0.682569,1.044E-11,2.08966E-18,2.0008E-07,1.04441E-11,2.01579E-12,5.96055,1.40056E-06,11.8423,0.00321594,0.013328,0.0439988,0.108373,0.191102,0.241317,0.227545,0.17112,1,1,0.937499,0.937499,,,2.08965E-18,,,,,2.99787E-26,2.89671E-24,5.74E-31,0.864913,10,9.999,19.999,0.001,1000,1000,4.17764E-12,1.126E-11,0,1.1265E-11,1.29066E-11,0,0.001,0.001,0.001,8.42831E-12,7.720109999999999E-12,7.082049999999999E-13,0,2.0897E-18,1.875,2.99787E-26,2.89671E-24,5.99575E-26,0.921408,0,-0.36328,0.0178105,0.0396191,0.0754669,0.123246,0.172371,0.205016,0.203426,0.163043,0,0,0,0,0,1,0,0,1.0444E-11,2.08966E-18,1,1.04441E-11,2.08965E-18,2.99787E-26,2.89671E-24,7.7482E-32,4.961E-31
"MODRA CM 4 UPC 1E-06 DM 2","0","NaN","141","DLiabilitySignal 7",0.1272,1,9.54701E-12,0.772352,9.547E-12,1.91017E-18,2.0008E-07,9.54701E-12,2.02397E-12,6.67882,1.40056E-06,12.5492,0.000425084,0.00257609,0.0124285,0.0447147,0.115121,0.212187,0.292011,0.320536,1,1,0.937499,0.937499,,,1.91016E-18,,,,,1.09570E-26,2.66434E-24,5.31E-31,0.926979,10,9.999,19.999,0.001,1000,1000,3.81881E-12,9.734E-12,0,9.7342E-12,1.01085E-11,0,0.001,0.001,0.001,7.52305E-12,7.361809999999999E-12,1.6123899999999998E-13,0,1.9102E-18,1.875,1.09570E-26,2.66434E-24,2.19139E-26,0.980396,0,-0.837045,0.00634518,0.01765,0.0420859,0.0859312,0.149198,0.216092,0.252798,0.2299,0,0,0,0,0,0,1,0,9.5470E-12,1.91017E-18,1,9.54701E-12,1.91016E-18,1.09570E-26,2.66434E-24,3.8766E-32,4.921E-31
"MODRA CM 4 UPC 1E-06 DM 2","0","NaN","141","DLiabilitySignal 8",0.1028,1,8.94684E-12,0.832744,8.947E-12,1.79008E-18,2.0008E-07,8.94684E-12,2.02471E-12,7.16196,1.40056E-06,13.0059,4.47118E-05,0.000396473,0.00279705,0.0147066,0.0553055,0.148831,0.298962,0.478956,1,1,0.937499,0.937499,,,1.79008E-18,,,,,4.02605E-27,2.50309E-24,5E-31,0.960163,10,9.999,19.999,0.001,1000,1000,3.57874E-12,8.981E-12,0,8.9807E-12,9.04852E-12,0,0.001,0.001,0.001,6.92213E-12,6.89296E-12,2.91706E-14,0,1.7901E-18,1.875,4.02605E-27,2.50309E-24,8.05210E-27,0.996212,0,-1.50627,0.00225338,0.00784805,0.0234005,0.0593233,0.12544,0.214217,0.284353,0.283165,0,0,0,0,0,0,0,1,8.9468E-12,1.79008E-18,1,8.94683E-12,1.79008E-18,4.02605E-27,2.50309E-24,1.9919E-32,4.801E-31
"MODRA CM 4 UPC 1E-06 DM 2","0","NaN","141","PDoesntFile",1,1,2.46070E-18,0.5,0,0,2.00068E-07,2.46070E-18,4.00505E-19,4.5,1.40047E-06,10.2079,0.125,0.125,0.125,0.125,0.125,0.125,0.125,0.125,1,1,,,,,0,,,,,0,0,0,,10,9.999,19.999,0.001,1000,1000,0,0,0,0,0,0,0.001,0.001,0.001,0,0,0,0,0,,0,0,0,0.52035,0,-3.77432E-15,0.102831,0.127187,0.135106,0.134876,0.134876,0.135106,0.127187,0.102831,0.102831,0.127187,0.135106,0.134876,0.134876,0.135106,0.127187,0.102831,0,0,1,0,0,0,0,0,0
"MODRA CM 4 UPC 1E-06 DM 2","0","NaN","141","P Files",1E-11,0,1,0.430647,1,2.0008E-07,1,1,0.16276,3.94517,6.99999,1.2855,0.179622,0.158864,0.141165,0.126407,0.112391,0.10101,0.0936431,0.0868976,1,1,0.937499,0.686452,,,1.42675E-07,,,,,2.31615E-08,2.32886E-08,1.096E-8,0.390751,10.6,7.99999,18.6,1.40001,1000.13,990,0.4,1.47965,1.4543E-9,1.47965,2.43895,2.69412E-09,0.837247,1.23725,6.99999E-06,0.83724,0.419481,0.417759,0,1.42675E-7,1.875,2.31615E-08,2.32886E-08,1.57573E-08,0.52035,0,-3.48540E-14,0.131139,0.155774,0.155362,0.141929,0.127526,0.114733,0.0987312,0.0748064,0.131139,0.155774,0.155362,0.141929,0.127526,0.114733,0.0987312,0.0748064,1,2.0008E-07,0,1,1.42675E-07,2.31615E-08,2.32886E-08,6.67455E-9,4.2808E-9
"MODRA CM 4 UPC 1E-06 DM 2","0","NaN","141","DDoesntAnswer",1E-11,0,1,0.430647,1,0,1,1,0.16276,3.94517,6.99999,1.2855,0.179622,0.158864,0.141165,0.126407,0.112391,0.10101,0.0936431,0.0868976,1,1,,,,,0,,,,,0,0,0,,10.6,7.99999,18.6,1.40001,1000.13,990,0.4,1.47965,0,1.47965,2.43895,0,0.837247,1.23725,6.99999E-06,0.83724,0.419481,0.417759,0,0,,0,0,0,0.52035,0,-3.07891E-15,0.131139,0.155774,0.155362,0.141929,0.127526,0.114733,0.0987312,0.0748064,0.131139,0.155774,0.155362,0.141929,0.127526,0.114733,0.0987312,0.0748064,1,0,0,1,0,0,0,0,0
"MODRA CM 4 UPC 1E-06 DM 2","0","NaN","141","D Answers",2E-18,0,1,0.430647,1,1,1,1,0.16276,3.94517,6.99999,1.2855,0.179622,0.158864,0.141165,0.126407,0.112391,0.10101,0.0936431,0.0868976,1,1,0.937499,0.686452,,,0.713087,,,,,0.115761,0.116397,0.054755,0.390751,9.79072,7.56547,17.3562,2.64381,998.754,963.715,1.6438,1.91447,0.0072688,1.92174,4.09516,0.0134652,0.837247,2.48105,6.99999E-06,0.83724,0.419481,0.417759,0,0.713087,1.875,0.115761,0.116397,0.0787551,0.52035,0,-2.84147E-13,0.131139,0.155774,0.155362,0.141929,0.127526,0.114733,0.0987312,0.0748064,0.131139,0.155774,0.155362,0.141929,0.127526,0.114733,0.0987312,0.0748064,1,1,0,0,0.713087,0.115761,0.116397,0.0333594,0.0213956
"MODRA CM 4 UPC 1E-06 DM 2","0","NaN","141","Settles1",2E-18,0,1,0.532999,1,1,1,1,0.17617,4.76399,6.99999,1.53682,0.0691992,0.102542,0.133952,0.151353,0.150008,0.140049,0.131068,0.121829,1,1,0.937499,0.9375,,,1,,,,,0,0,0,,10.075,7.32499,17.4,2.60001,1000.03,960.892,1.6,1.98069,4.2514E-7,1.98069,4.13538,2.56295E-07,0.823837,2.42384,6.99999E-06,0.82383,0.558552,0.265278,0,1,1.875,0,0,0,0.694308,0,-0.429117,0.076786,0.108007,0.131344,0.145474,0.151592,0.149164,0.134114,0.10352,3.78587E-07,4.58289E-07,0.217872,0.199034,0.178837,0.160896,0.138456,0.104905,1,1,0,0,1,0,0,0,0
"MODRA CM 4 UPC 1E-06 DM 2","0","NaN","141","DoesntSettle1",7E-19,0,1,0.176262,1,1,1,1,0.129432,1.91009,7,0.660861,0.454064,0.298845,0.159092,0.0644069,0.0189002,0.00398262,0.000628609,7.97694E-05,1,1,0.937499,0.0625018,,,0,,,,,0.403472,0.405686,0.190842,0.390751,9.08418,8.16314,17.2473,2.75268,995.593,970.732,1.75267,1.7499,0.0253333,1.77523,3.99518,0.0469307,0.870575,2.62325,7E-06,0.870568,0.073836,0.796732,0,0,,0.403472,0.405686,0.274491,0.0879981,0,1.06652,0.266226,0.274492,0.215056,0.133117,0.0677135,0.0291613,0.0107907,0.00344302,0.457068,0.542929,7.58396E-07,6.92822E-07,6.22517E-07,5.60069E-07,4.81954E-07,3.65166E-07,1,1,0,0,0,0.403472,0.405686,0.11627,0.0745717
"MODRA CM 4 UPC 1E-06 DM 2","0","NaN","141","PAbandons1",3E-19,0,1,0.122674,1,1,1,1,0.124356,1.48139,7,0.563306,0.625335,0.281826,0.0798805,0.0120588,0.00086854,2.97889E-05,5.44811E-07,6.39998E-09,1,1,0.937499,0.0625001,,,0,,,,,1,0,0,,8.2,9.19999,17.4,2.60001,993.358,999.262,1.6,0.789634,0.0233238,0.812958,0.631707,0.0419829,0.875651,2.47565,7E-06,0.875644,0.0109327,0.864711,0,0,,1,0,0.340162,0.0129577,0,0.163987,0.495851,0.504148,7.17343E-07,4.4277E-07,2.29984E-08,9.55993E-09,3.41443E-09,1.05358E-09,0.659837,0.340163,1.25773E-07,7.40817E-08,3.54166E-08,1.42189E-08,4.89226E-09,1.45339E-09,1,1,0,0,0,1,0,0,0
"MODRA CM 4 UPC 1E-06 DM 2","0","NaN","141","PDoesntAbandon1",4E-19,0,1,0.212507,1,1,1,1,0.132865,2.20006,7,0.726844,0.338222,0.310356,0.212669,0.0998135,0.0310962,0.00665618,0.00105341,0.000133718,1,1,0.9375,0.062503,,,0,,,,,0,0.680079,0.319921,0.390751,9.68221,7.46185,17.1441,2.85594,997.105,951.435,1.85594,2.39939,0.0266925,2.42608,6.27012,0.0502773,0.867142,2.72308,7E-06,0.867135,0.116382,0.750753,0,0,,0,0.680079,0.230074,0.138753,0,1.67696,0.110915,0.11916,0.360512,0.223153,0.113513,0.0488851,0.0180892,0.00577176,0.319921,0.680073,1.18628E-06,1.11132E-06,1.01961E-06,9.29264E-07,8.04623E-07,6.11169E-07,1,1,0,0,0,0,0.680079,0.194912,0.12501
"MODRA CM 4 UPC 1E-06 DM 2","0","NaN","141","DDefaults1",3E-19,0,1,0.220996,1,1,1,1,0.133753,2.26797,7,0.743976,0.324533,0.300206,0.217303,0.110558,0.0372948,0.00850958,0.00141085,0.000184953,1,1,0.9375,0.0625039,,,0,,,,,0,1,0,,10.2,7.19999,17.4,2.60001,1000.06,949.731,1.6,2.64204,0,2.64204,7.11339,0,0.866254,2.46625,7E-06,0.866247,0.132407,0.733841,0,0,,0,1,0.338305,0.157958,0,1.15664,0.163092,0.175215,0.29002,0.192013,0.105184,0.0487236,0.019253,0.00649967,1.59774E-07,0.999992,1.74433E-06,1.6341E-06,1.49926E-06,1.36641E-06,1.18313E-06,8.98674E-07,1,1,0,0,0,0,1,0,0
"MODRA CM 4 UPC 1E-06 DM 2","0","NaN","141","DDoesntDefault1",1E-19,0,1,0.19446,1,1,1,1,0.130977,2.05568,7,0.690425,0.367322,0.331932,0.202818,0.0769734,0.0179192,0.00271628,0.000293583,2.48063E-05,1,1,0.9375,0.0625012,,,0,,,,,0,0,1,0.390751,8.5815,8.01849,16.6,3.40001,990.819,955.056,2.4,1.88358,0.0834347,1.96701,4.4775,0.157155,0.86903,3.26903,7E-06,0.869023,0.0823167,0.786706,0,0,,0,0,0,0.0979272,0,2.78305,5.61519E-07,9.71133E-07,0.510363,0.289351,0.131217,0.0492285,0.0156152,0.0042244,0.999999,7.39905E-07,1.41601E-12,1.00459E-12,6.22689E-13,5.75151E-13,5.01146E-13,3.81613E-13,1,1,0,0,0,0,0,0.609249,0.390751
"MODRA CM 4 UPC 1E-06 DM 2","0","NaN","141","POrDQuits1",6E-19,0,1,0.17197,1,1,1,1,0.129067,1.87576,7,0.653888,0.474523,0.291041,0.14878,0.0614431,0.0191315,0.00428129,0.000707625,9.27325E-05,1,1,0.937499,0.062502,,,0,,,,,0.498632,0.501368,0,,9.20274,8.19726,17.4,2.60001,996.719,974.429,1.6,1.71837,0.01163,1.73,3.88142,0.020934,0.87094,2.47094,7E-06,0.870933,0.0718358,0.799097,0,0,,0.498632,0.501368,0.339231,0.0856562,0,0.661671,0.329016,0.339232,0.145407,0.0962693,0.0527361,0.0244285,0.00965287,0.00325873,0.329016,0.67098,9.37265E-07,8.56225E-07,7.69339E-07,6.92162E-07,5.95624E-07,4.51291E-07,1,1,0,0,0,0.498632,0.501368,0,0
"MODRA CM 4 UPC 1E-06 DM 2","0","NaN","141","P Loses",8E-20,0,1,0.168147,1,1,1,1,0.128422,1.84517,7,0.641197,0.435578,0.343556,0.168466,0.0454562,0.00642634,0.000494073,2.26641E-05,6.97169E-07,1,1,0.9375,0.0625012,,,0,,,,,0,0,1,0,7.8,8.79999,16.6,3.40001,984.99,998.13,2.4,1.1476,0.11528,1.26288,1.36664,0.253616,0.871585,3.27159,7E-06,0.871578,0.0441464,0.827432,0,0,,0,0,0,0.0524,0,2.67392,6.61303E-07,1.10486E-06,0.550035,0.286981,0.115195,0.0365268,0.00932613,0.00193428,0.999999,5.45784E-07,9.55639E-13,5.29003E-13,2.38832E-13,1.27526E-13,6.00642E-14,2.49527E-14,1,1,0,0,0,0,0,1,0
"MODRA CM 4 UPC 1E-06 DM 2","0","NaN","141","P Wins",5E-20,0,1,0.235488,1,1,1,1,0.134961,2.3839,7,0.767179,0.2609,0.313809,0.256379,0.126114,0.0358385,0.00618109,0.000715992,6.23966E-05,1,1,0.9375,0.062501,,,0,,,,,0,0,1,1,9.8,6.79999,16.6,3.40001,999.908,887.897,2.4,3.03109,0.0337824,3.06487,9.32787,0.00675648,0.865046,3.26505,7E-06,0.865039,0.141831,0.723208,0,0,,0,0,0,0.168912,0,2.95319,4.05938E-07,7.62636E-07,0.448508,0.293046,0.156197,0.0690326,0.025421,0.00779509,0.999999,1.04257E-06,2.13381E-12,1.74611E-12,1.22119E-12,1.27308E-12,1.18887E-12,9.37708E-13,1,1,0,0,0,0,0,0,1
