"OptionSet","Exploit","Refine","Seconds","Filter","All","NoDispute","DisputeArises","LitigQuality","PFiles","DAnswers","Activity","Accident","WrongAttrib","PrecPower","PrecLevel","BCRatio","PrecPower1","PrecPower2","PrecPower3","PrecPower4","PrecPower5","PrecPower6","PrecPower7","PrecPower8","PBargains1","DBargains1","POffer1","DOffer1","POfferMixedness1","DOfferMixedness1","Settles1","PBet1","DBet1","PBetMixedness1","DBetMixedness1","PAbandons1","DDefaults1","Trial","PWinPct","PWealth","DWealth","TotWealth","WealthLoss","PWelfare","DWelfare","TotExpense","False+","False-","False+-","False+^2","False-^2","PDSWelfareLoss","SWelfareLoss","OpportunityCost","HarmCost","TrulyLiableHarmCost","TrulyNotLiableHarmCost","Chips","Settles","ValIfSettled","PAbandons","DDefaults","BothReadyToGiveUp","TrulyLiable","PrimaryAction","MutualOptimism","PLiabilitySignal1","PLiabilitySignal2","PLiabilitySignal3","PLiabilitySignal4","PLiabilitySignal5","DLiabilitySignal1","DLiabilitySignal2","DLiabilitySignal3","DLiabilitySignal4","DLiabilitySignal5","P Files","D Answers","PDoesntFile","DDoesntAnswer","SettlesBR1","PAbandonsBR1","DDefaultsBR1","P Loses","P Wins"
"MODRA CM 1 PCPM 10 LT 0.8","2.916E-07","0.9465","78","All",1,0.999918,8.20439E-05,0.8,3.358E-05,3.35796E-05,1,8.20439E-05,1.0008E-05,4.5,3.20234,0.670464,0.125001,0.125,0.125,0.124999,0.124999,0.125,0.125,0.125001,1,1,0.551923,0.5,,,2.92207E-05,,,,,0,2.85399E-06,1.505E-6,0.764949,9.99993,9.99994,19.9999,0.0001278,1000,1000,1.37328E-05,8.3472E-6,2.0013E-5,2.83604E-5,5.47338E-06,1.55181E-05,0.000104059,0.000117792,3.20234E-05,7.20359E-05,2.53383E-05,4.66976E-05,0,2.92207E-5,0.5,0,2.85399E-06,0,0.348314,0,0,0.177373,0.214817,0.21562,0.214817,0.177373,0.177373,0.214817,0.21562,0.214817,0.177373,3.35796E-5,3.35796E-05,0.999966,0,2.92207E-05,0,2.85399E-06,3.53731E-7,1.1512E-6
"MODRA CM 1 PCPM 10 LT 0.8","2.916E-07","0.9465","78","NoDispute",0.9999,1,0,0.800005,0,0,1,0,0,4.50002,3.20236,0.670463,0.124998,0.124999,0.124999,0.125,0.125,0.125001,0.125001,0.125002,1,1,,,,,0,,,,,0,0,0,,10,9.99997,20,3.20236E-05,1000,1000,0,0,0,0,0,0,3.20236E-05,3.20236E-05,3.20236E-05,0,0,0,0,0,,0,0,0,,0,-1.66828E-06,0.177371,0.214816,0.21562,0.214819,0.177375,0.177371,0.214816,0.215619,0.214819,0.177375,0,0,1,0,0,0,0,0,0
"MODRA CM 1 PCPM 10 LT 0.8","2.916E-07","0.9465","78","DisputeArises",8.2E-5,0,1,0.742818,0.409288,0.409288,1,1,0.121983,4.21409,2.86099,0.682225,0.159423,0.143758,0.130067,0.120739,0.114315,0.11051,0.110145,0.111043,1,1,0.551923,0.5,,,0.356159,,,,,0,0.0347862,0.018343,0.764949,9.14321,9.68938,18.8326,1.16741,999.077,999.699,0.167384,0.101741,0.243933,0.345673,0.0667128,0.189144,0.878045,1.04543,2.86099E-05,0.878017,0.308839,0.569178,0,0.356159,0.5,0,0.0347862,0,0.348314,0,0.0203324,0.200617,0.232647,0.216245,0.197305,0.153186,0.20295,0.234281,0.222797,0.190298,0.149673,0.409288,0.409288,0.590712,0,0.356159,0,0.0347862,0.00431148,0.0140313
"MODRA CM 1 PCPM 10 LT 0.8","2.916E-07","0.9465","78","PFiles",3.4E-5,0,1,0.758452,1,1,1,1,0.0993521,4.29226,0.672638,0.923606,0.148289,0.138838,0.130011,0.12346,0.117656,0.113381,0.113055,0.115309,1,1,0.551923,0.5,,,0.870192,,,,,0,0.0849918,0.044816,0.764949,9.34989,9.24114,18.591,1.40897,999.466,999.264,0.408963,0.248579,0.428948,0.677528,0.162997,0.295084,0.900655,1.30962,6.72638E-06,0.900648,0.613908,0.28674,0,0.870192,0.5,0,0.0849918,0,0.68398,0,0.0433771,0.192017,0.228222,0.218224,0.202786,0.158752,0.193677,0.234564,0.23544,0.186062,0.150257,1,1,0,0,0.870192,0,0.0849918,0.0105341,0.0342822
"MODRA CM 1 PCPM 10 LT 0.8","2.916E-07","0.9465","78","DAnswers",3.4E-5,0,1,0.758452,1,1,1,1,0.0993521,4.29226,0.672638,0.923606,0.148289,0.138838,0.130011,0.12346,0.117656,0.113381,0.113055,0.115309,1,1,0.551923,0.5,,,0.870192,,,,,0,0.0849918,0.044816,0.764949,9.34989,9.24114,18.591,1.40897,999.466,999.264,0.408963,0.248579,0.428948,0.677528,0.162997,0.295084,0.900655,1.30962,6.72638E-06,0.900648,0.613908,0.28674,0,0.870192,0.5,0,0.0849918,0,0.68398,0,0.0433771,0.192017,0.228222,0.218224,0.202786,0.158752,0.193677,0.234564,0.23544,0.186062,0.150257,1,1,0,0,0.870192,0,0.0849918,0.0105341,0.0342822
"MODRA CM 1 PCPM 10 LT 0.8","2.916E-07","0.9465","78","Litigated",3.4E-5,0,1,0.758452,1,1,1,1,0.0993521,4.29226,0.672638,0.923606,0.148289,0.138838,0.130011,0.12346,0.117656,0.113381,0.113055,0.115309,1,1,0.551923,0.5,,,0.870192,,,,,0,0.0849918,0.044816,0.764949,9.34989,9.24114,18.591,1.40897,999.466,999.264,0.408963,0.248579,0.428948,0.677528,0.162997,0.295084,0.900655,1.30962,6.72638E-06,0.900648,0.613908,0.28674,0,0.870192,0.5,0,0.0849918,0,0.68398,0,0.0433771,0.192017,0.228222,0.218224,0.202786,0.158752,0.193677,0.234564,0.23544,0.186062,0.150257,1,1,0,0,0.870192,0,0.0849918,0.0105341,0.0342822
"MODRA CM 1 PCPM 10 LT 0.8","2.916E-07","0.9465","78","Not Litigated",1,0.999952,4.8466E-05,0.800001,0,0,1,4.8466E-05,6.67202E-06,4.50001,3.20242,0.670455,0.125,0.125,0.124999,0.124999,0.125,0.125,0.125001,0.125001,1,1,,,,,0,,,,,0,0,0,,9.99995,9.99997,19.9999,8.04902E-05,1000,1000,0,0,5.6095E-6,5.60947E-6,0,5.60947E-06,7.38181E-05,7.38181E-05,3.20242E-05,4.17939E-05,4.72372E-06,3.70702E-05,0,0,,0,0,0,0.115741,0,-1.45664E-06,0.177372,0.214817,0.215619,0.214818,0.177373,0.177372,0.214817,0.215619,0.214818,0.177374,0,0,1,0,0,0,0,0,0
"MODRA CM 1 PCPM 10 LT 0.8","2.916E-07","0.9465","78","Settles",2.9E-5,0,1,0.725614,1,1,1,1,0.100613,4.12807,0.772976,0.893112,0.16968,0.156457,0.139004,0.116881,0.0965723,0.0933028,0.106555,0.121547,1,1,0.5,0.5,,,1,,,,,0,0,0,,9.3,9.29999,18.6,1.40001,999.43,999.43,0.4,0.251537,0.448463,0.7,0.176076,0.313924,0.899395,1.29939,7.72976E-06,0.899387,0.573348,0.326039,0,1,0.5,0,0,0,0.640661,0,-0.209485,0.22066,0.262266,0.250777,0.130792,0.135505,0.210838,0.229783,0.172891,0.213817,0.172671,1,1,0,0,1,0,0,0,0
"MODRA CM 1 PCPM 10 LT 0.8","2.916E-07","0.9465","78","Tried",1.5E-6,0,1,0.79854,1,1,1,1,0.0909008,4.4927,0,1.0337,0.0137096,0.0543577,0.156012,0.278332,0.276896,0.153871,0.0533683,0.0134532,1,1,0.9,0.5,,,0,,,,,0,0,1,0.764949,9.46495,8.93505,18.4,1.6,999.336,998.185,0.6,0.277133,0.485461,0.762594,0.133707,0.413283,0.909099,1.5091,0,0.909099,0.847219,0.0618799,0,0,,0,0,0,0.931933,0,2.45554,0,0,0,0.772231,0.227769,0.227769,0.772231,0,0,0,1,1,0,0,0,0,0,0.235051,0.764949
"MODRA CM 1 PCPM 10 LT 0.8","2.916E-07","0.9465","78","PWins",1.2E-6,0,1,0.830358,1,1,1,1,0.0909008,4.65179,0,1.05127,0.00935977,0.0414901,0.134268,0.268072,0.292711,0.174323,0.0633453,0.0164307,1,1,0.9,0.5,,,0,,,,,0,0,1,1,9.7,8.7,18.4,1.6,999.847,997.675,0.6,0.35085,0.284745,0.635595,0.17136,0.0854235,0.909099,1.5091,0,0.909099,0.862872,0.0462276,0,0,,0,0,0,0.94915,0,2.45418,0,0,0,0.753813,0.246187,0.207993,0.792007,0,0,0,1,1,0,0,0,0,0,0,1
"MODRA CM 1 PCPM 10 LT 0.8","2.916E-07","0.9465","78","DWins",3.5E-7,0,1,0.694993,1,1,1,1,0.0909008,3.97496,0,0.976542,0.0278659,0.0962338,0.226775,0.311722,0.22543,0.0873112,0.020899,0.00376332,1,1,0.9,0.5,,,0,,,,,0,0,1,0,8.7,9.7,18.4,1.6,997.675,999.847,0.6,0.0372299,1.13867,1.1759,0.011169,1.48027,0.909099,1.5091,0,0.909099,0.79628,0.112819,0,0,,0,0,0,0.8759,0,2.45996,0,0,0,0.832168,0.167832,0.292127,0.707873,0,0,0,1,1,0,0,0,0,0,1,0
"MODRA CM 1 PCPM 10 LT 0.8","2.916E-07","0.9465","78","Abandoned",2.9E-6,0,1,1.07353,1,1,1,1,0.0909008,5.86764,0,1.17777,0.000242433,0.00299377,0.0242278,0.10915,0.249558,0.297603,0.211081,0.105144,1,1,0.9,0.5,,,0,,,,,0,1,0,,9.8,8.8,18.6,1.4,999.908,998.13,0.4,0.203236,0.199353,0.402589,0.0445307,0.0398706,0.909099,1.3091,0,0.909099,0.906157,0.00294203,0,0,,0,1,0,0.996764,0,1.36037,0,0,0,0.639626,0.360374,0,0,1,0,0,1,1,0,0,0,0,1,0,0
"MODRA CM 1 PCPM 10 LT 0.8","2.916E-07","0.9465","78","PrecPower1",0.125,0.999895,0.000104637,0.1,3.9836E-5,3.98357E-05,1,0.000104637,1.08481E-05,1,2.80215,0.390214,1,0,0,0,0,0,0,0,1,1,0.501713,0.5,,,3.96651E-05,,,,,0,5.53518E-09,1.651E-7,0.522242,9.99991,9.99994,19.9999,0.000148626,1000,1000,1.59673E-05,2.7908E-5,0,2.79079E-5,1.95966E-05,0,0.00012181,0.000137777,2.80215E-05,9.37887E-05,0,9.37887E-05,0,3.96651E-5,0.5,0,5.53518E-09,0,0,0,0.591813,0.366266,0.336054,0.19032,0.0800009,0.0273591,0.605115,0.321408,0.0676987,0.00559872,0.00017967,3.98357E-5,3.98357E-05,0.99996,0,3.96651E-05,0,5.53518E-09,7.88556E-8,8.6198E-8
"MODRA CM 1 PCPM 10 LT 0.8","2.916E-07","0.9465","78","PrecPower2",0.125,0.999906,9.43554E-05,0.3,3.7297E-5,3.72971E-05,1,9.43554E-05,1.01451E-05,2,2.87423,0.479111,0,1,0,0,0,0,0,0,1,1,0.507752,0.5,,,3.65743E-05,,,,,0,6.83535E-08,6.544E-7,0.583871,9.99992,9.99994,19.9999,0.000138147,1000,1000,1.50497E-05,2.6262E-5,0,2.62624E-5,1.86901E-05,0,0.000112953,0.000128002,2.87423E-05,8.42103E-05,0,8.42103E-05,0,3.65743E-5,0.5,0,6.83535E-08,0,0,0,0.456899,0.322427,0.319361,0.207367,0.105901,0.0449437,0.424677,0.400955,0.150685,0.022383,0.00129974,3.72971E-5,3.72971E-05,0.999963,0,3.65743E-05,0,6.83535E-08,2.72327E-7,3.821E-07
"MODRA CM 1 PCPM 10 LT 0.8","2.916E-07","0.9465","78","PrecPower3",0.125,0.999915,8.53699E-05,0.5,3.4926E-5,3.4926E-05,1,8.53699E-05,9.55785E-06,3,2.97242,0.562516,0,0,1,0,0,0,0,0,1,1,0.527847,0.5,,,3.24946E-05,,,,,0,5.5317E-07,1.878E-6,0.658336,9.99993,9.99995,19.9999,0.00012944,1000,1000,1.43461E-05,1.9766E-6,2.2567E-5,2.45437E-5,1.17991E-06,1.60938E-05,0.000105536,0.000119882,2.97242E-05,7.5812E-05,2.98096E-05,4.60024E-05,0,3.24946E-5,0.5,0,5.5317E-07,0,0.384097,0,0.286929,0.262224,0.290268,0.225951,0.144926,0.0766317,0.242182,0.406369,0.271722,0.0721789,0.00754908,3.4926E-05,3.4926E-05,0.999965,0,3.24946E-05,0,5.5317E-07,6.41741E-7,1.2365E-6
"MODRA CM 1 PCPM 10 LT 0.8","2.916E-07","0.9465","78","PrecPower4",0.125,0.999921,7.92476E-05,0.7,3.3166E-5,3.3166E-05,1,7.92476E-05,9.3074E-06,4,3.10457,0.639701,0,0,0,1,0,0,0,0,1,1,0.570471,0.5,,,2.73229E-05,,,,,0,2.49212E-06,3.351E-6,0.736752,9.99993,9.99994,19.9999,0.00012423,1000,1000,1.39366E-05,5.1771E-6,1.7574E-5,2.2751E-05,3.07849E-06,1.24443E-05,0.000100986,0.000114922,3.10457E-05,6.99402E-05,2.50368E-05,4.49034E-05,0,2.73229E-5,0.5,0,2.49212E-06,0,0.347522,0,0.0973177,0.192436,0.247052,0.238841,0.194975,0.126696,0.104925,0.313388,0.372375,0.176261,0.0330516,3.3166E-05,3.3166E-05,0.999967,0,2.73229E-05,0,2.49212E-06,8.8213E-07,2.4688E-6
"MODRA CM 1 PCPM 10 LT 0.8","2.916E-07","0.9465","78","PrecPower5",0.125,0.999925,7.50309E-05,0.9,3.1607E-5,3.1607E-05,1,7.50309E-05,9.3386E-06,5,3.26786,0.711561,0,0,0,0,1,0,0,0,1,1,0.614298,0.5,,,2.25754E-05,,,,,0,5.69791E-06,3.334E-6,0.808638,9.99994,9.99994,19.9999,0.000121019,1000,1000,1.33095E-05,1.9483E-6,1.858E-05,2.05287E-5,4.70532E-07,1.26106E-05,9.83709E-05,0.00011168,3.26786E-05,6.56923E-05,2.84932E-05,3.71992E-05,0,2.25754E-5,0.5,0,5.69791E-06,0,0.421253,0,-0.0973078,0.126695,0.194973,0.23884,0.247054,0.192438,0.0330515,0.176261,0.372375,0.313388,0.104925,3.1607E-05,3.1607E-05,0.999968,0,2.25754E-05,0,5.69791E-06,6.37937E-7,2.6957E-6
"MODRA CM 1 PCPM 10 LT 0.8","2.916E-07","0.9465","78","PrecPower6",0.125,0.999927,7.25339E-05,1.1,3.0458E-5,3.04584E-05,1,7.25339E-05,9.64102E-06,6,3.42985,0.782573,0,0,0,0,0,1,0,0,1,1,0.613563,0.5,,,2.18111E-05,,,,,0,6.79487E-06,1.853E-6,0.866625,9.99994,9.99994,19.9999,0.000119386,1000,1000,1.25539E-05,1.8406E-6,1.743E-05,1.92701E-5,4.16283E-07,1.15213E-05,9.71914E-05,0.000109745,3.42985E-05,6.28929E-05,2.7259E-05,3.56339E-05,0,2.18111E-5,0.5,0,6.79487E-06,0,0.41992,0,-0.286923,0.0766314,0.144925,0.225949,0.290268,0.262226,0.00754908,0.0721788,0.271722,0.406369,0.242182,3.04584E-5,3.04584E-05,0.99997,0,2.18111E-05,0,6.79487E-06,2.47078E-7,1.6054E-6
"MODRA CM 1 PCPM 10 LT 0.8","2.916E-07","0.9465","78","PrecPower7",0.125,0.999928,7.2294E-05,1.3,3.0371E-5,3.03706E-05,1,7.2294E-05,1.02571E-05,7,3.54999,0.858154,0,0,0,0,0,0,1,0,1,1,0.571937,0.5,,,2.49087E-05,,,,,0,4.81938E-06,6.425E-7,0.907954,9.99994,9.99994,19.9999,0.000120071,1000,1000,1.22768E-05,1.1389E-6,4.0976E-5,4.2115E-05,2.45279E-07,3.48747E-05,9.75369E-05,0.000109814,3.54999E-05,6.2037E-05,4.58724E-05,1.61646E-05,0,2.49087E-5,0.5,0,4.81938E-06,0,0.728896,0,-0.456902,0.0449439,0.105902,0.207367,0.31936,0.322427,0.00129974,0.022383,0.150685,0.400955,0.424677,3.03706E-5,3.03706E-05,0.99997,0,2.49087E-05,0,4.81938E-06,5.91408E-8,5.8338E-7
"MODRA CM 1 PCPM 10 LT 0.8","2.916E-07","0.9465","78","PrecPower8",0.125,0.999927,7.28828E-05,1.5,3.0976E-5,3.0976E-05,1,7.28828E-05,1.09689E-05,8,3.61762,0.939879,0,0,0,0,0,0,0,1,1,1,0.533091,0.5,,,2.84134E-05,,,,,0,2.40063E-06,1.62E-07,0.934248,9.99994,9.99994,19.9999,0.000121482,1000,1000,1.24228E-05,5.2552E-7,4.2979E-5,4.35042E-5,1.09644E-07,3.66001E-05,9.80901E-05,0.000110513,3.61762E-05,6.19139E-05,4.62359E-05,1.56779E-05,0,2.84134E-5,0.5,0,2.40063E-06,0,0.734411,0,-0.591826,0.0273595,0.0800024,0.190323,0.336055,0.36626,0.000179672,0.00559875,0.0676988,0.321408,0.605115,3.0976E-05,3.0976E-05,0.999969,0,2.84134E-05,0,2.40063E-06,1.06496E-8,1.5132E-7
"MODRA CM 1 PCPM 10 LT 0.8","2.916E-07","0.9465","78","PrecLevel0",0.2026,0.99989,0.000109999,0.545593,0.00011,0.000109999,1,0.000109999,9.999E-06,3.22796,0,0.883286,0.20447,0.200786,0.189259,0.162609,0.119627,0.0722775,0.0358598,0.0151111,1,1,0.578235,0.5,,,8.84845E-05,,,,,0,1.40866E-05,7.428E-6,0.764949,9.99993,9.99991,19.9998,0.000155484,1000,1000,4.54852E-05,3.7511E-5,3.5764E-5,7.32747E-5,2.4433E-05,2.41763E-05,0.0001,0.000145485,0,0.0001,5.71747E-05,4.28253E-05,0,8.84845E-5,0.5,0,1.40866E-05,0,0.571747,0,0.340026,0.276442,0.301282,0.226687,0.134058,0.0615305,0.291823,0.353429,0.354748,0,0,0.00011,0.000109999,0.99989,0,8.84845E-05,0,1.40866E-05,1.74593E-6,5.682E-06
"MODRA CM 1 PCPM 10 LT 0.8","2.916E-07","0.9465","78","PrecLevel1",0,,,,,,,,,,,,,,,,,,,,,,,,,,,,,,,,,,,,,,,,,,,,,,,,,,,,,,,,,,,,,,,,,,,,,,,,,,,,,,,,
"MODRA CM 1 PCPM 10 LT 0.8","2.916E-07","0.9465","78","PrecLevel2",0.1307,0.999914,8.63876E-05,1.19428,8.6388E-5,8.63876E-05,1,8.63876E-05,1.00235E-05,6.47138,2,1.01451,0.00184172,0.00754822,0.025411,0.0667122,0.133325,0.206707,0.263148,0.295306,1,1,0.5,0.5,,,8.63876E-05,,,,,0,0,0,,9.99994,9.99992,19.9999,0.000140943,1000,1000,3.4555E-05,5.717E-06,5.4754E-5,6.04713E-5,4.00191E-06,3.8328E-05,9.6364E-05,0.000130919,2E-05,7.6364E-05,6.90813E-05,7.2827E-06,0,8.63876E-5,0.5,0,0,0,0.905459,0,-0.526967,0.0238365,0.0808155,0.198467,0.339977,0.356903,0,0,0,0.547738,0.452262,8.63876E-5,8.63876E-05,0.999914,0,8.63876E-05,0,0,0,0
"MODRA CM 1 PCPM 10 LT 0.8","2.916E-07","0.9465","78","PrecLevel3",0,,,,,,,,,,,,,,,,,,,,,,,,,,,,,,,,,,,,,,,,,,,,,,,,,,,,,,,,,,,,,,,,,,,,,,,,,,,,,,,,
"MODRA CM 1 PCPM 10 LT 0.8","2.916E-07","0.9465","78","PrecLevel4",0.3925,0.999923,7.69041E-05,0.724331,0,0,1,7.69041E-05,9.99382E-06,4.12166,4,0.560138,0.170414,0.151256,0.13188,0.117308,0.109677,0.10697,0.106307,0.106188,1,1,,,,,0,,,,,0,0,0,,9.99992,9.99996,19.9999,0.000116904,1000,1000,0,0,1.4293E-5,1.42927E-5,0,1.42927E-05,0.00010691,0.00010691,4E-05,6.69102E-05,1.20358E-05,5.48744E-05,0,0,,0,0,0,0.185851,0,0.12608,0.216192,0.235801,0.206961,0.18913,0.151916,0.301303,0.182455,0.183136,0.182455,0.150651,0,0,1,0,0,0,0,0,0
"MODRA CM 1 PCPM 10 LT 0.8","2.916E-07","0.9465","78","PrecLevel5",0.2742,0.999933,6.66745E-05,0.9083,0,0,1,6.66745E-05,1.00276E-05,5.0415,5,0.507093,0.0600041,0.0874216,0.115152,0.136008,0.146929,0.150805,0.151755,0.151926,1,1,,,,,0,,,,,0,0,0,,9.99993,9.99995,19.9999,0.000116674,1000,1000,0,0,0,0,0,0,0.000106647,0.000106647,5E-05,5.66469E-05,0,5.66469E-05,0,0,,0,0,0,0,0,-0.18045,0.121813,0.184785,0.228012,0.251582,0.213807,0,0.261136,0.262111,0.261136,0.215618,0,0,1,0,0,0,0,0,0
"MODRA CM 1 PCPM 10 LT 0.8","2.916E-07","0.9465","78","PrecLevel6",0,,,,,,,,,,,,,,,,,,,,,,,,,,,,,,,,,,,,,,,,,,,,,,,,,,,,,,,,,,,,,,,,,,,,,,,,,,,,,,,,
"MODRA CM 1 PCPM 10 LT 0.8","2.916E-07","0.9465","78","PrecLevel7",0,,,,,,,,,,,,,,,,,,,,,,,,,,,,,,,,,,,,,,,,,,,,,,,,,,,,,,,,,,,,,,,,,,,,,,,,,,,,,,,,
"MODRA CM 1 PCPM 10 LT 0.8","2.916E-07","0.9465","78","Rounds1",3.4E-5,0,1,0.758452,1,1,1,1,0.0993521,4.29226,0.672638,0.923606,0.148289,0.138838,0.130011,0.12346,0.117656,0.113381,0.113055,0.115309,1,1,0.551923,0.5,,,0.870192,,,,,0,0.0849918,0.044816,0.764949,9.34989,9.24114,18.591,1.40897,999.466,999.264,0.408963,0.248579,0.428948,0.677528,0.162997,0.295084,0.900655,1.30962,6.72638E-06,0.900648,0.613908,0.28674,0,0.870192,0.5,0,0.0849918,0,0.68398,0,0.0433771,0.192017,0.228222,0.218224,0.202786,0.158752,0.193677,0.234564,0.23544,0.186062,0.150257,1,1,0,0,0.870192,0,0.0849918,0.0105341,0.0342822
"MODRA CM 1 PCPM 10 LT 0.8","2.916E-07","0.9465","78","PrePrimary1",0,,,,,,,,,,,,,,,,,,,,,,,,,,,,,,,,,,,,,,,,,,,,,,,,,,,,,,,,,,,,,,,,,,,,,,,,,,,,,,,,
"MODRA CM 1 PCPM 10 LT 0.8","2.916E-07","0.9465","78","PrePrimary2",0,,,,,,,,,,,,,,,,,,,,,,,,,,,,,,,,,,,,,,,,,,,,,,,,,,,,,,,,,,,,,,,,,,,,,,,,,,,,,,,,
"MODRA CM 1 PCPM 10 LT 0.8","2.916E-07","0.9465","78","PrePrimary3",0,,,,,,,,,,,,,,,,,,,,,,,,,,,,,,,,,,,,,,,,,,,,,,,,,,,,,,,,,,,,,,,,,,,,,,,,,,,,,,,,
"MODRA CM 1 PCPM 10 LT 0.8","2.916E-07","0.9465","78","PrePrimary4",0,,,,,,,,,,,,,,,,,,,,,,,,,,,,,,,,,,,,,,,,,,,,,,,,,,,,,,,,,,,,,,,,,,,,,,,,,,,,,,,,
"MODRA CM 1 PCPM 10 LT 0.8","2.916E-07","0.9465","78","PrePrimary5",0,,,,,,,,,,,,,,,,,,,,,,,,,,,,,,,,,,,,,,,,,,,,,,,,,,,,,,,,,,,,,,,,,,,,,,,,,,,,,,,,
"MODRA CM 1 PCPM 10 LT 0.8","2.916E-07","0.9465","78","PrePrimary6",0,,,,,,,,,,,,,,,,,,,,,,,,,,,,,,,,,,,,,,,,,,,,,,,,,,,,,,,,,,,,,,,,,,,,,,,,,,,,,,,,
"MODRA CM 1 PCPM 10 LT 0.8","2.916E-07","0.9465","78","PrePrimary7",0,,,,,,,,,,,,,,,,,,,,,,,,,,,,,,,,,,,,,,,,,,,,,,,,,,,,,,,,,,,,,,,,,,,,,,,,,,,,,,,,
"MODRA CM 1 PCPM 10 LT 0.8","2.916E-07","0.9465","78","PrePrimary8",0,,,,,,,,,,,,,,,,,,,,,,,,,,,,,,,,,,,,,,,,,,,,,,,,,,,,,,,,,,,,,,,,,,,,,,,,,,,,,,,,
"MODRA CM 1 PCPM 10 LT 0.8","2.916E-07","0.9465","78","PrePrimary9",0,,,,,,,,,,,,,,,,,,,,,,,,,,,,,,,,,,,,,,,,,,,,,,,,,,,,,,,,,,,,,,,,,,,,,,,,,,,,,,,,
"MODRA CM 1 PCPM 10 LT 0.8","2.916E-07","0.9465","78","PrePrimary10",0,,,,,,,,,,,,,,,,,,,,,,,,,,,,,,,,,,,,,,,,,,,,,,,,,,,,,,,,,,,,,,,,,,,,,,,,,,,,,,,,
"MODRA CM 1 PCPM 10 LT 0.8","2.916E-07","0.9465","78","Truly Liable",2.9E-5,0,1,1.07786,0.803714,0.803714,1,1,0.113333,5.88929,1.50081,1.00089,0,0,0.143429,0.120464,0.138252,0.133229,0.230495,0.234131,1,1,0.573969,0.5,,,0.65509,,,,,0,0.0995468,0.049077,0.779082,9.29968,9.36901,18.6687,1.33132,999.352,999.35,0.331301,0.0313799,0.700324,0.731704,0.00742303,0.543026,0.886682,1.21798,1.50081E-05,0.886667,0.886667,0,0,0.65509,0.5,0,0.0995468,0,1,0,0.108571,0.0457299,0.1333,0.230719,0.303517,0.286734,0.0533421,0.153799,0.261963,0.257655,0.273241,0.803714,0.803714,0.196286,0,0.65509,0,0.0995468,0.010842,0.0382351
"MODRA CM 1 PCPM 10 LT 0.8","2.916E-07","0.9465","78","Truly Not Liable",5.3E-5,0,1,0.563746,0.198475,0.198475,1,1,0.126607,3.31873,3.58799,0.511906,0.244632,0.220593,0.122925,0.120886,0.10152,0.0983678,0.045821,0.0452546,1,1,0.504209,0.5,,,0.196386,,,,,0,0.000172744,0.001916,0.571458,9.05957,9.86062,18.9202,1.07981,998.931,999.885,0.079773,0.139347,0,0.139347,0.0984021,0,0.873429,0.953202,3.58799E-05,0.873393,0,0.873393,0,0.196386,0.5,0,0.000172744,0,0,0,-0.0268295,0.283401,0.285746,0.208509,0.140537,0.0818063,0.282912,0.277298,0.201864,0.154297,0.0836281,0.198475,0.198475,0.801525,0,0.196386,0,0.000172744,0.00082103,0.0010948
"MODRA CM 1 PCPM 10 LT 0.8","2.916E-07","0.9465","78","Liability Strength1",0.125,0.999895,0.000104637,0.1,3.9836E-5,3.98357E-05,1,0.000104637,1.08481E-05,1,2.80215,0.390214,1,0,0,0,0,0,0,0,1,1,0.501713,0.5,,,3.96651E-05,,,,,0,5.53518E-09,1.651E-7,0.522242,9.99991,9.99994,19.9999,0.000148626,1000,1000,1.59673E-05,2.7908E-5,0,2.79079E-5,1.95966E-05,0,0.00012181,0.000137777,2.80215E-05,9.37887E-05,0,9.37887E-05,0,3.96651E-5,0.5,0,5.53518E-09,0,0,0,0.591813,0.366266,0.336054,0.19032,0.0800009,0.0273591,0.605115,0.321408,0.0676987,0.00559872,0.00017967,3.98357E-5,3.98357E-05,0.99996,0,3.96651E-05,0,5.53518E-09,7.88556E-8,8.6198E-8
"MODRA CM 1 PCPM 10 LT 0.8","2.916E-07","0.9465","78","Liability Strength2",0.125,0.999906,9.43554E-05,0.3,3.7297E-5,3.72971E-05,1,9.43554E-05,1.01451E-05,2,2.87423,0.479111,0,1,0,0,0,0,0,0,1,1,0.507752,0.5,,,3.65743E-05,,,,,0,6.83535E-08,6.544E-7,0.583871,9.99992,9.99994,19.9999,0.000138147,1000,1000,1.50497E-05,2.6262E-5,0,2.62624E-5,1.86901E-05,0,0.000112953,0.000128002,2.87423E-05,8.42103E-05,0,8.42103E-05,0,3.65743E-5,0.5,0,6.83535E-08,0,0,0,0.456899,0.322427,0.319361,0.207367,0.105901,0.0449437,0.424677,0.400955,0.150685,0.022383,0.00129974,3.72971E-5,3.72971E-05,0.999963,0,3.65743E-05,0,6.83535E-08,2.72327E-7,3.821E-07
"MODRA CM 1 PCPM 10 LT 0.8","2.916E-07","0.9465","78","Liability Strength3",0.125,0.999915,8.53699E-05,0.5,3.4926E-5,3.4926E-05,1,8.53699E-05,9.55785E-06,3,2.97242,0.562516,0,0,1,0,0,0,0,0,1,1,0.527847,0.5,,,3.24946E-05,,,,,0,5.5317E-07,1.878E-6,0.658336,9.99993,9.99995,19.9999,0.00012944,1000,1000,1.43461E-05,1.9766E-6,2.2567E-5,2.45437E-5,1.17991E-06,1.60938E-05,0.000105536,0.000119882,2.97242E-05,7.5812E-05,2.98096E-05,4.60024E-05,0,3.24946E-5,0.5,0,5.5317E-07,0,0.384097,0,0.286929,0.262224,0.290268,0.225951,0.144926,0.0766317,0.242182,0.406369,0.271722,0.0721789,0.00754908,3.4926E-05,3.4926E-05,0.999965,0,3.24946E-05,0,5.5317E-07,6.41741E-7,1.2365E-6
"MODRA CM 1 PCPM 10 LT 0.8","2.916E-07","0.9465","78","Liability Strength4",0.125,0.999921,7.92476E-05,0.7,3.3166E-5,3.3166E-05,1,7.92476E-05,9.3074E-06,4,3.10457,0.639701,0,0,0,1,0,0,0,0,1,1,0.570471,0.5,,,2.73229E-05,,,,,0,2.49212E-06,3.351E-6,0.736752,9.99993,9.99994,19.9999,0.00012423,1000,1000,1.39366E-05,5.1771E-6,1.7574E-5,2.2751E-05,3.07849E-06,1.24443E-05,0.000100986,0.000114922,3.10457E-05,6.99402E-05,2.50368E-05,4.49034E-05,0,2.73229E-5,0.5,0,2.49212E-06,0,0.347522,0,0.0973177,0.192436,0.247052,0.238841,0.194975,0.126696,0.104925,0.313388,0.372375,0.176261,0.0330516,3.3166E-05,3.3166E-05,0.999967,0,2.73229E-05,0,2.49212E-06,8.8213E-07,2.4688E-6
"MODRA CM 1 PCPM 10 LT 0.8","2.916E-07","0.9465","78","Liability Strength5",0.125,0.999925,7.50309E-05,0.9,3.1607E-5,3.1607E-05,1,7.50309E-05,9.3386E-06,5,3.26786,0.711561,0,0,0,0,1,0,0,0,1,1,0.614298,0.5,,,2.25754E-05,,,,,0,5.69791E-06,3.334E-6,0.808638,9.99994,9.99994,19.9999,0.000121019,1000,1000,1.33095E-05,1.9483E-6,1.858E-05,2.05287E-5,4.70532E-07,1.26106E-05,9.83709E-05,0.00011168,3.26786E-05,6.56923E-05,2.84932E-05,3.71992E-05,0,2.25754E-5,0.5,0,5.69791E-06,0,0.421253,0,-0.0973078,0.126695,0.194973,0.23884,0.247054,0.192438,0.0330515,0.176261,0.372375,0.313388,0.104925,3.1607E-05,3.1607E-05,0.999968,0,2.25754E-05,0,5.69791E-06,6.37937E-7,2.6957E-6
"MODRA CM 1 PCPM 10 LT 0.8","2.916E-07","0.9465","78","PLiabilitySignal1",0.1774,0.999907,9.27955E-05,0.491166,3.6352E-5,3.63519E-05,1,9.27955E-05,9.95509E-06,2.95583,2.89012,0.563692,0.258121,0.227225,0.184796,0.135614,0.0892853,0.0540043,0.0316734,0.0192812,1,1,0.5,0.5,,,3.63519E-05,,,,,0,0,0,,9.99992,9.99995,19.9999,0.000136237,1000,1000,1.45408E-05,2.0298E-5,5.1613E-6,2.54596E-5,1.42088E-05,3.61691E-06,0.000111742,0.000126282,2.89012E-05,8.28404E-05,6.68897E-06,7.61515E-05,0,3.63519E-5,0.5,0,0,0,0.079397,0,-0.8369,1,0,0,0,0,0.43505,0.354101,0.158144,0.0443088,0.00839623,3.63519E-5,3.63519E-05,0.999964,0,3.63519E-05,0,0,0,0
"MODRA CM 1 PCPM 10 LT 0.8","2.916E-07","0.9465","78","PLiabilitySignal2",0.2148,0.999911,8.88535E-05,0.605196,3.5675E-5,3.5675E-05,1,8.88535E-05,9.9601E-06,3.52598,3.0009,0.60396,0.195548,0.185833,0.168903,0.143756,0.113452,0.0843303,0.0616231,0.0465529,1,1,0.5,0.5,,,3.5675E-05,,,,,0,0,0,,9.99992,9.99995,19.9999,0.000133133,1000,1000,1.427E-05,1.2766E-5,1.2501E-5,2.52671E-5,8.936E-06,8.83939E-06,0.000108902,0.000123172,3.0009E-05,7.88934E-05,1.6045E-05,6.28484E-05,0,3.5675E-05,0.5,0,0,0,0.199574,0,-0.271057,0,1,0,0,0,0.292378,0.328316,0.231762,0.110959,0.0365854,3.5675E-05,3.5675E-05,0.999964,0,3.5675E-05,0,0,0,0
"MODRA CM 1 PCPM 10 LT 0.8","2.916E-07","0.9465","78","PLiabilitySignal3",0.2156,0.999918,8.2282E-05,0.800001,3.3985E-5,3.39852E-05,1,8.2282E-05,1.00069E-05,4.50001,3.1973,0.671397,0.110334,0.120216,0.130989,0.138461,0.138461,0.130988,0.120216,0.110336,1,1,0.5,0.5,,,3.39852E-05,,,,,0,0,0,,9.99993,9.99994,19.9999,0.000127849,1000,1000,1.35941E-05,4.3189E-6,2.2234E-5,2.65526E-5,3.02326E-06,1.63925E-05,0.000104248,0.000117842,3.1973E-05,7.22751E-05,2.73989E-05,4.48762E-05,0,3.39852E-5,0.5,0,0,0,0.371627,0,0,0,0,1,0,0,0.130092,0.2309,0.278017,0.2309,0.130092,3.39852E-5,3.39852E-05,0.999966,0,3.39852E-05,0,0,0,0
"MODRA CM 1 PCPM 10 LT 0.8","2.916E-07","0.9465","78","PLiabilitySignal4",0.2148,0.999925,7.53556E-05,0.994805,3.1699E-5,3.16989E-05,1,7.53556E-05,1.00568E-05,5.47402,3.4016,0.737412,0.0465521,0.0616226,0.0843305,0.113453,0.143757,0.168903,0.185833,0.195548,1,1,0.675499,0.5,,,1.77911E-05,,,,,0,8.49786E-06,5.41E-06,0.746706,9.99994,9.99994,19.9999,0.000123133,1000,1000,1.37615E-05,3.5914E-6,2.6118E-5,2.97096E-5,1.4211E-06,2.07885E-05,9.93149E-05,0.000113076,3.4016E-05,6.52989E-05,3.56164E-05,2.96825E-05,0,1.77911E-5,0.5,0,8.49786E-06,0,0.535816,0,0.271057,0,0,0,1,0,0.0365854,0.110959,0.231762,0.328316,0.292378,3.16989E-5,3.16989E-05,0.999968,0,1.77911E-05,0,8.49786E-06,1.3703E-06,4.0396E-6
"MODRA CM 1 PCPM 10 LT 0.8","2.916E-07","0.9465","78","PLiabilitySignal5",0.1774,0.999929,7.08561E-05,1.10883,3.0054E-5,3.00544E-05,1,7.08561E-05,1.00612E-05,6.04416,3.5233,0.775563,0.019281,0.0316732,0.0540045,0.0892862,0.135616,0.184798,0.227225,0.258116,1,1,0.602894,0.5,,,2.23233E-05,,,,,0,5.79855E-06,1.933E-6,0.826803,9.99994,9.99994,19.9999,0.000118497,1000,1000,1.24082E-05,1.7015E-6,3.387E-05,3.55711E-5,4.30561E-07,2.8062E-05,9.60279E-05,0.000108436,3.5233E-05,6.07949E-05,4.02903E-05,2.05046E-05,0,2.23233E-5,0.5,0,5.79855E-06,0,0.651978,0,0.8369,0,0,0,0,1,0.00839623,0.0443088,0.158144,0.354101,0.43505,3.00544E-5,3.00544E-05,0.99997,0,2.23233E-05,0,5.79855E-06,3.34704E-7,1.5978E-6
"MODRA CM 1 PCPM 10 LT 0.8","2.916E-07","0.9465","78","DLiabilitySignal1",0.1774,0.999906,9.38746E-05,0.297722,3.6666E-5,3.66663E-05,1,9.38746E-05,9.959E-06,1.98861,2.66667,0.497425,0.426446,0.299283,0.170672,0.0739433,0.0232923,0.00532005,0.000915967,0.000126621,1,1,0.521082,0.5,,,3.47338E-05,,,,,0,0,1.933E-6,0.698534,9.99992,9.99995,19.9999,0.000135594,1000,1000,1.5053E-05,2.0073E-5,5.8222E-6,2.58955E-5,1.40498E-05,4.28205E-06,0.000110582,0.000125635,2.66667E-05,8.39156E-05,7.81122E-06,7.61043E-05,0,3.47338E-5,0.5,0,0,0,0.0915488,0,0.8369,0.43505,0.354101,0.158144,0.0443088,0.00839623,1,0,0,0,0,3.66663E-5,3.66663E-05,0.999963,0,3.47338E-05,0,0,5.82584E-7,1.3499E-6
"MODRA CM 1 PCPM 10 LT 0.8","2.916E-07","0.9465","78","DLiabilitySignal2",0.2148,0.999911,8.94777E-05,0.494902,3.6666E-5,3.66663E-05,1,8.94777E-05,9.95798E-06,2.97451,3,0.555635,0.187025,0.233312,0.236461,0.182356,0.102564,0.042,0.0130245,0.00325788,1,1,0.559018,0.5,,,3.12564E-05,,,,,0,0,5.41E-06,0.784539,9.99992,9.99994,19.9999,0.000135226,1000,1000,1.57485E-05,1.2825E-5,1.3407E-5,2.62322E-5,8.55617E-06,9.82433E-06,0.00010952,0.000125268,3E-05,7.95198E-05,1.85811E-05,6.09387E-05,0,3.12564E-5,0.5,0,0,0,0.228658,0,0.271057,0.292378,0.328316,0.231762,0.110959,0.0365854,0,1,0,0,0,3.66663E-5,3.66663E-05,0.999963,0,3.12564E-05,0,0,1.16563E-6,4.2443E-6
"MODRA CM 1 PCPM 10 LT 0.8","2.916E-07","0.9465","78","DLiabilitySignal3",0.2156,0.999915,8.47752E-05,0.8,3.6666E-5,3.66663E-05,1,8.47752E-05,1.0003E-05,4.5,3,0.69438,0.0392469,0.0873559,0.157523,0.215874,0.215874,0.157523,0.0873559,0.0392469,1,1,0.644397,0.5,,,2.34301E-05,,,,,0,1.32362E-05,0,,9.99993,9.99994,19.9999,0.000129442,1000,1000,1.46665E-05,5.9567E-6,1.8535E-5,2.44921E-5,2.87607E-06,1.24841E-05,0.000104772,0.000119439,3E-05,7.47721E-05,3.1383E-05,4.33891E-05,0,2.34301E-5,0.5,0,1.32362E-05,0,0.409544,0,0,0.130092,0.2309,0.278017,0.2309,0.130092,0,0,1,0,0,3.66663E-5,3.66663E-05,0.999963,0,2.34301E-05,0,1.32362E-05,0,0
"MODRA CM 1 PCPM 10 LT 0.8","2.916E-07","0.9465","78","DLiabilitySignal4",0.2148,0.999927,7.26795E-05,1.1051,2.9085E-5,2.90847E-05,1,7.26795E-05,1.00579E-05,6.02549,3.66667,0.758917,0.00325786,0.0130244,0.042,0.102564,0.182356,0.236461,0.233312,0.187025,1,1,0.5,0.5,,,2.90847E-05,,,,,0,0,0,,9.99994,9.99994,19.9999,0.00012098,1000,1000,1.16339E-05,3.1057E-6,2.6881E-5,2.99871E-5,2.17396E-06,2.17053E-05,9.92883E-05,0.000110922,3.66667E-05,6.26216E-05,2.98999E-05,3.27218E-05,0,2.90847E-5,0.5,0,0,0,0.471602,0,-0.271057,0.0365854,0.110959,0.231762,0.328316,0.292378,0,0,0,1,0,2.90847E-5,2.90847E-05,0.999971,0,2.90847E-05,0,0,0,0
"MODRA CM 1 PCPM 10 LT 0.8","2.916E-07","0.9465","78","DLiabilitySignal5",0.1774,0.999931,6.92313E-05,1.30228,2.8446E-5,2.84461E-05,1,6.92313E-05,1.00632E-05,7.01139,3.66667,0.846373,0.00012662,0.000915964,0.00532005,0.0232923,0.0739436,0.170673,0.299283,0.426446,1,1,0.5,0.5,,,2.84461E-05,,,,,0,0,0,,9.99994,9.99994,19.9999,0.000117276,1000,1000,1.13784E-05,4.5235E-7,3.5683E-5,3.61351E-5,3.16645E-07,2.98448E-05,9.58348E-05,0.000107213,3.66667E-05,5.91681E-05,3.81767E-05,2.09914E-05,0,2.84461E-5,0.5,0,0,0,0.635878,0,-0.8369,0.00839623,0.0443088,0.158144,0.354101,0.43505,0,0,0,0,1,2.84461E-5,2.84461E-05,0.999972,0,2.84461E-05,0,0,0,0
"MODRA CM 1 PCPM 10 LT 0.8","2.916E-07","0.9465","78","High Quality",0.125,0.999927,7.28828E-05,1.5,3.0976E-5,3.0976E-05,1,7.28828E-05,1.09689E-05,8,3.61762,0.939879,0,0,0,0,0,0,0,1,1,1,0.533091,0.5,,,2.84134E-05,,,,,0,2.40063E-06,1.62E-07,0.934248,9.99994,9.99994,19.9999,0.000121482,1000,1000,1.24228E-05,5.2552E-7,4.2979E-5,4.35042E-5,1.09644E-07,3.66001E-05,9.80901E-05,0.000110513,3.61762E-05,6.19139E-05,4.62359E-05,1.56779E-05,0,2.84134E-5,0.5,0,2.40063E-06,0,0.734411,0,-0.591826,0.0273595,0.0800024,0.190323,0.336055,0.36626,0.000179672,0.00559875,0.0676988,0.321408,0.605115,3.0976E-05,3.0976E-05,0.999969,0,2.84134E-05,0,2.40063E-06,1.06496E-8,1.5132E-7
"MODRA CM 1 PCPM 10 LT 0.8","2.916E-07","0.9465","78","PLiabilitySignal 1",0.1774,0.999907,9.27955E-05,0.491166,3.6352E-5,3.63519E-05,1,9.27955E-05,9.95509E-06,2.95583,2.89012,0.563692,0.258121,0.227225,0.184796,0.135614,0.0892853,0.0540043,0.0316734,0.0192812,1,1,0.5,0.5,,,3.63519E-05,,,,,0,0,0,,9.99992,9.99995,19.9999,0.000136237,1000,1000,1.45408E-05,2.0298E-5,5.1613E-6,2.54596E-5,1.42088E-05,3.61691E-06,0.000111742,0.000126282,2.89012E-05,8.28404E-05,6.68897E-06,7.61515E-05,0,3.63519E-5,0.5,0,0,0,0.079397,0,-0.8369,1,0,0,0,0,0.43505,0.354101,0.158144,0.0443088,0.00839623,3.63519E-5,3.63519E-05,0.999964,0,3.63519E-05,0,0,0,0
"MODRA CM 1 PCPM 10 LT 0.8","2.916E-07","0.9465","78","PLiabilitySignal 2",0.2148,0.999911,8.88535E-05,0.605196,3.5675E-5,3.5675E-05,1,8.88535E-05,9.9601E-06,3.52598,3.0009,0.60396,0.195548,0.185833,0.168903,0.143756,0.113452,0.0843303,0.0616231,0.0465529,1,1,0.5,0.5,,,3.5675E-05,,,,,0,0,0,,9.99992,9.99995,19.9999,0.000133133,1000,1000,1.427E-05,1.2766E-5,1.2501E-5,2.52671E-5,8.936E-06,8.83939E-06,0.000108902,0.000123172,3.0009E-05,7.88934E-05,1.6045E-05,6.28484E-05,0,3.5675E-05,0.5,0,0,0,0.199574,0,-0.271057,0,1,0,0,0,0.292378,0.328316,0.231762,0.110959,0.0365854,3.5675E-05,3.5675E-05,0.999964,0,3.5675E-05,0,0,0,0
"MODRA CM 1 PCPM 10 LT 0.8","2.916E-07","0.9465","78","PLiabilitySignal 3",0.2156,0.999918,8.2282E-05,0.800001,3.3985E-5,3.39852E-05,1,8.2282E-05,1.00069E-05,4.50001,3.1973,0.671397,0.110334,0.120216,0.130989,0.138461,0.138461,0.130988,0.120216,0.110336,1,1,0.5,0.5,,,3.39852E-05,,,,,0,0,0,,9.99993,9.99994,19.9999,0.000127849,1000,1000,1.35941E-05,4.3189E-6,2.2234E-5,2.65526E-5,3.02326E-06,1.63925E-05,0.000104248,0.000117842,3.1973E-05,7.22751E-05,2.73989E-05,4.48762E-05,0,3.39852E-5,0.5,0,0,0,0.371627,0,0,0,0,1,0,0,0.130092,0.2309,0.278017,0.2309,0.130092,3.39852E-5,3.39852E-05,0.999966,0,3.39852E-05,0,0,0,0
"MODRA CM 1 PCPM 10 LT 0.8","2.916E-07","0.9465","78","PLiabilitySignal 4",0.2148,0.999925,7.53556E-05,0.994805,3.1699E-5,3.16989E-05,1,7.53556E-05,1.00568E-05,5.47402,3.4016,0.737412,0.0465521,0.0616226,0.0843305,0.113453,0.143757,0.168903,0.185833,0.195548,1,1,0.675499,0.5,,,1.77911E-05,,,,,0,8.49786E-06,5.41E-06,0.746706,9.99994,9.99994,19.9999,0.000123133,1000,1000,1.37615E-05,3.5914E-6,2.6118E-5,2.97096E-5,1.4211E-06,2.07885E-05,9.93149E-05,0.000113076,3.4016E-05,6.52989E-05,3.56164E-05,2.96825E-05,0,1.77911E-5,0.5,0,8.49786E-06,0,0.535816,0,0.271057,0,0,0,1,0,0.0365854,0.110959,0.231762,0.328316,0.292378,3.16989E-5,3.16989E-05,0.999968,0,1.77911E-05,0,8.49786E-06,1.3703E-06,4.0396E-6
"MODRA CM 1 PCPM 10 LT 0.8","2.916E-07","0.9465","78","PLiabilitySignal 5",0.1774,0.999929,7.08561E-05,1.10883,3.0054E-5,3.00544E-05,1,7.08561E-05,1.00612E-05,6.04416,3.5233,0.775563,0.019281,0.0316732,0.0540045,0.0892862,0.135616,0.184798,0.227225,0.258116,1,1,0.602894,0.5,,,2.23233E-05,,,,,0,5.79855E-06,1.933E-6,0.826803,9.99994,9.99994,19.9999,0.000118497,1000,1000,1.24082E-05,1.7015E-6,3.387E-05,3.55711E-5,4.30561E-07,2.8062E-05,9.60279E-05,0.000108436,3.5233E-05,6.07949E-05,4.02903E-05,2.05046E-05,0,2.23233E-5,0.5,0,5.79855E-06,0,0.651978,0,0.8369,0,0,0,0,1,0.00839623,0.0443088,0.158144,0.354101,0.43505,3.00544E-5,3.00544E-05,0.99997,0,2.23233E-05,0,5.79855E-06,3.34704E-7,1.5978E-6
"MODRA CM 1 PCPM 10 LT 0.8","2.916E-07","0.9465","78","DLiabilitySignal 1",0.1774,0.999906,9.38746E-05,0.297722,3.6666E-5,3.66663E-05,1,9.38746E-05,9.959E-06,1.98861,2.66667,0.497425,0.426446,0.299283,0.170672,0.0739433,0.0232923,0.00532005,0.000915967,0.000126621,1,1,0.521082,0.5,,,3.47338E-05,,,,,0,0,1.933E-6,0.698534,9.99992,9.99995,19.9999,0.000135594,1000,1000,1.5053E-05,2.0073E-5,5.8222E-6,2.58955E-5,1.40498E-05,4.28205E-06,0.000110582,0.000125635,2.66667E-05,8.39156E-05,7.81122E-06,7.61043E-05,0,3.47338E-5,0.5,0,0,0,0.0915488,0,0.8369,0.43505,0.354101,0.158144,0.0443088,0.00839623,1,0,0,0,0,3.66663E-5,3.66663E-05,0.999963,0,3.47338E-05,0,0,5.82584E-7,1.3499E-6
"MODRA CM 1 PCPM 10 LT 0.8","2.916E-07","0.9465","78","DLiabilitySignal 2",0.2148,0.999911,8.94777E-05,0.494902,3.6666E-5,3.66663E-05,1,8.94777E-05,9.95798E-06,2.97451,3,0.555635,0.187025,0.233312,0.236461,0.182356,0.102564,0.042,0.0130245,0.00325788,1,1,0.559018,0.5,,,3.12564E-05,,,,,0,0,5.41E-06,0.784539,9.99992,9.99994,19.9999,0.000135226,1000,1000,1.57485E-05,1.2825E-5,1.3407E-5,2.62322E-5,8.55617E-06,9.82433E-06,0.00010952,0.000125268,3E-05,7.95198E-05,1.85811E-05,6.09387E-05,0,3.12564E-5,0.5,0,0,0,0.228658,0,0.271057,0.292378,0.328316,0.231762,0.110959,0.0365854,0,1,0,0,0,3.66663E-5,3.66663E-05,0.999963,0,3.12564E-05,0,0,1.16563E-6,4.2443E-6
"MODRA CM 1 PCPM 10 LT 0.8","2.916E-07","0.9465","78","DLiabilitySignal 3",0.2156,0.999915,8.47752E-05,0.8,3.6666E-5,3.66663E-05,1,8.47752E-05,1.0003E-05,4.5,3,0.69438,0.0392469,0.0873559,0.157523,0.215874,0.215874,0.157523,0.0873559,0.0392469,1,1,0.644397,0.5,,,2.34301E-05,,,,,0,1.32362E-05,0,,9.99993,9.99994,19.9999,0.000129442,1000,1000,1.46665E-05,5.9567E-6,1.8535E-5,2.44921E-5,2.87607E-06,1.24841E-05,0.000104772,0.000119439,3E-05,7.47721E-05,3.1383E-05,4.33891E-05,0,2.34301E-5,0.5,0,1.32362E-05,0,0.409544,0,0,0.130092,0.2309,0.278017,0.2309,0.130092,0,0,1,0,0,3.66663E-5,3.66663E-05,0.999963,0,2.34301E-05,0,1.32362E-05,0,0
"MODRA CM 1 PCPM 10 LT 0.8","2.916E-07","0.9465","78","DLiabilitySignal 4",0.2148,0.999927,7.26795E-05,1.1051,2.9085E-5,2.90847E-05,1,7.26795E-05,1.00579E-05,6.02549,3.66667,0.758917,0.00325786,0.0130244,0.042,0.102564,0.182356,0.236461,0.233312,0.187025,1,1,0.5,0.5,,,2.90847E-05,,,,,0,0,0,,9.99994,9.99994,19.9999,0.00012098,1000,1000,1.16339E-05,3.1057E-6,2.6881E-5,2.99871E-5,2.17396E-06,2.17053E-05,9.92883E-05,0.000110922,3.66667E-05,6.26216E-05,2.98999E-05,3.27218E-05,0,2.90847E-5,0.5,0,0,0,0.471602,0,-0.271057,0.0365854,0.110959,0.231762,0.328316,0.292378,0,0,0,1,0,2.90847E-5,2.90847E-05,0.999971,0,2.90847E-05,0,0,0,0
"MODRA CM 1 PCPM 10 LT 0.8","2.916E-07","0.9465","78","DLiabilitySignal 5",0.1774,0.999931,6.92313E-05,1.30228,2.8446E-5,2.84461E-05,1,6.92313E-05,1.00632E-05,7.01139,3.66667,0.846373,0.00012662,0.000915964,0.00532005,0.0232923,0.0739436,0.170673,0.299283,0.426446,1,1,0.5,0.5,,,2.84461E-05,,,,,0,0,0,,9.99994,9.99994,19.9999,0.000117276,1000,1000,1.13784E-05,4.5235E-7,3.5683E-5,3.61351E-5,3.16645E-07,2.98448E-05,9.58348E-05,0.000107213,3.66667E-05,5.91681E-05,3.81767E-05,2.09914E-05,0,2.84461E-5,0.5,0,0,0,0.635878,0,-0.8369,0.00839623,0.0443088,0.158144,0.354101,0.43505,0,0,0,0,1,2.84461E-5,2.84461E-05,0.999972,0,2.84461E-05,0,0,0,0
"MODRA CM 1 PCPM 10 LT 0.8","2.916E-07","0.9465","78","PDoesntFile",1,0.999952,4.8466E-05,0.800001,0,0,1,4.8466E-05,6.67202E-06,4.50001,3.20242,0.670455,0.125,0.125,0.124999,0.124999,0.125,0.125,0.125001,0.125001,1,1,,,,,0,,,,,0,0,0,,9.99995,9.99997,19.9999,8.04902E-05,1000,1000,0,0,5.6095E-6,5.60947E-6,0,5.60947E-06,7.38181E-05,7.38181E-05,3.20242E-05,4.17939E-05,4.72372E-06,3.70702E-05,0,0,,0,0,0,0.115741,0,-1.45664E-06,0.177372,0.214817,0.215619,0.214818,0.177373,0.177372,0.214817,0.215619,0.214818,0.177374,0,0,1,0,0,0,0,0,0
"MODRA CM 1 PCPM 10 LT 0.8","2.916E-07","0.9465","78","P Files",3.4E-5,0,1,0.758452,1,1,1,1,0.0993521,4.29226,0.672638,0.923606,0.148289,0.138838,0.130011,0.12346,0.117656,0.113381,0.113055,0.115309,1,1,0.551923,0.5,,,0.870192,,,,,0,0.0849918,0.044816,0.764949,9.34989,9.24114,18.591,1.40897,999.466,999.264,0.408963,0.248579,0.428948,0.677528,0.162997,0.295084,0.900655,1.30962,6.72638E-06,0.900648,0.613908,0.28674,0,0.870192,0.5,0,0.0849918,0,0.68398,0,0.0433771,0.192017,0.228222,0.218224,0.202786,0.158752,0.193677,0.234564,0.23544,0.186062,0.150257,1,1,0,0,0.870192,0,0.0849918,0.0105341,0.0342822
"MODRA CM 1 PCPM 10 LT 0.8","2.916E-07","0.9465","78","DDoesntAnswer",0,,,,,,,,,,,,,,,,,,,,,,,,,,,,,,,,,,,,,,,,,,,,,,,,,,,,,,,,,,,,,,,,,,,,,,,,,,,,,,,,
"MODRA CM 1 PCPM 10 LT 0.8","2.916E-07","0.9465","78","D Answers",3.4E-5,0,1,0.758452,1,1,1,1,0.0993521,4.29226,0.672638,0.923606,0.148289,0.138838,0.130011,0.12346,0.117656,0.113381,0.113055,0.115309,1,1,0.551923,0.5,,,0.870192,,,,,0,0.0849918,0.044816,0.764949,9.34989,9.24114,18.591,1.40897,999.466,999.264,0.408963,0.248579,0.428948,0.677528,0.162997,0.295084,0.900655,1.30962,6.72638E-06,0.900648,0.613908,0.28674,0,0.870192,0.5,0,0.0849918,0,0.68398,0,0.0433771,0.192017,0.228222,0.218224,0.202786,0.158752,0.193677,0.234564,0.23544,0.186062,0.150257,1,1,0,0,0.870192,0,0.0849918,0.0105341,0.0342822
"MODRA CM 1 PCPM 10 LT 0.8","2.916E-07","0.9465","78","Settles1",2.9E-5,0,1,0.725614,1,1,1,1,0.100613,4.12807,0.772976,0.893112,0.16968,0.156457,0.139004,0.116881,0.0965723,0.0933028,0.106555,0.121547,1,1,0.5,0.5,,,1,,,,,0,0,0,,9.3,9.29999,18.6,1.40001,999.43,999.43,0.4,0.251537,0.448463,0.7,0.176076,0.313924,0.899395,1.29939,7.72976E-06,0.899387,0.573348,0.326039,0,1,0.5,0,0,0,0.640661,0,-0.209485,0.22066,0.262266,0.250777,0.130792,0.135505,0.210838,0.229783,0.172891,0.213817,0.172671,1,1,0,0,1,0,0,0,0
"MODRA CM 1 PCPM 10 LT 0.8","2.916E-07","0.9465","78","DoesntSettle1",4.4E-6,0,1,0.978588,1,1,1,1,0.0909008,5.39294,0,1.12803,0.00489199,0.0207272,0.0697263,0.16756,0.258996,0.247979,0.156631,0.0734879,1,1,0.9,0.5,,,0,,,,,0,0.65475,0.34525,0.764949,9.68432,8.84663,18.5309,1.46905,999.711,998.149,0.46905,0.228749,0.298132,0.526881,0.0753188,0.168792,0.909099,1.37815,0,0.909099,0.885809,0.0232904,0,0,,0,0.65475,0,0.974381,0,1.73848,0,0,0,0.685408,0.314592,0.0786374,0.266613,0.65475,0,0,1,1,0,0,0,0,0.65475,0.0811513,0.264099
"MODRA CM 1 PCPM 10 LT 0.8","2.916E-07","0.9465","78","PAbandons1",0,,,,,,,,,,,,,,,,,,,,,,,,,,,,,,,,,,,,,,,,,,,,,,,,,,,,,,,,,,,,,,,,,,,,,,,,,,,,,,,,
"MODRA CM 1 PCPM 10 LT 0.8","2.916E-07","0.9465","78","PDoesntAbandon1",4.4E-6,0,1,0.978588,1,1,1,1,0.0909008,5.39294,0,1.12803,0.00489199,0.0207272,0.0697263,0.16756,0.258996,0.247979,0.156631,0.0734879,1,1,0.9,0.5,,,0,,,,,0,0.65475,0.34525,0.764949,9.68432,8.84663,18.5309,1.46905,999.711,998.149,0.46905,0.228749,0.298132,0.526881,0.0753188,0.168792,0.909099,1.37815,0,0.909099,0.885809,0.0232904,0,0,,0,0.65475,0,0.974381,0,1.73848,0,0,0,0.685408,0.314592,0.0786374,0.266613,0.65475,0,0,1,1,0,0,0,0,0.65475,0.0811513,0.264099
"MODRA CM 1 PCPM 10 LT 0.8","2.916E-07","0.9465","78","DDefaults1",2.9E-6,0,1,1.07353,1,1,1,1,0.0909008,5.86764,0,1.17777,0.000242433,0.00299377,0.0242278,0.10915,0.249558,0.297603,0.211081,0.105144,1,1,0.9,0.5,,,0,,,,,0,1,0,,9.8,8.8,18.6,1.4,999.908,998.13,0.4,0.203236,0.199353,0.402589,0.0445307,0.0398706,0.909099,1.3091,0,0.909099,0.906157,0.00294203,0,0,,0,1,0,0.996764,0,1.36037,0,0,0,0.639626,0.360374,0,0,1,0,0,1,1,0,0,0,0,1,0,0
"MODRA CM 1 PCPM 10 LT 0.8","2.916E-07","0.9465","78","DDoesntDefault1",1.5E-6,0,1,0.79854,1,1,1,1,0.0909008,4.4927,0,1.0337,0.0137096,0.0543577,0.156012,0.278332,0.276896,0.153871,0.0533683,0.0134532,1,1,0.9,0.5,,,0,,,,,0,0,1,0.764949,9.46495,8.93505,18.4,1.6,999.336,998.185,0.6,0.277133,0.485461,0.762594,0.133707,0.413283,0.909099,1.5091,0,0.909099,0.847219,0.0618799,0,0,,0,0,0,0.931933,0,2.45554,0,0,0,0.772231,0.227769,0.227769,0.772231,0,0,0,1,1,0,0,0,0,0,0.235051,0.764949
"MODRA CM 1 PCPM 10 LT 0.8","2.916E-07","0.9465","78","POrDQuits1",2.9E-6,0,1,1.07353,1,1,1,1,0.0909008,5.86764,0,1.17777,0.000242433,0.00299377,0.0242278,0.10915,0.249558,0.297603,0.211081,0.105144,1,1,0.9,0.5,,,0,,,,,0,1,0,,9.8,8.8,18.6,1.4,999.908,998.13,0.4,0.203236,0.199353,0.402589,0.0445307,0.0398706,0.909099,1.3091,0,0.909099,0.906157,0.00294203,0,0,,0,1,0,0.996764,0,1.36037,0,0,0,0.639626,0.360374,0,0,1,0,0,1,1,0,0,0,0,1,0,0
"MODRA CM 1 PCPM 10 LT 0.8","2.916E-07","0.9465","78","P Loses",3.5E-7,0,1,0.694993,1,1,1,1,0.0909008,3.97496,0,0.976542,0.0278659,0.0962338,0.226775,0.311722,0.22543,0.0873112,0.020899,0.00376332,1,1,0.9,0.5,,,0,,,,,0,0,1,0,8.7,9.7,18.4,1.6,997.675,999.847,0.6,0.0372299,1.13867,1.1759,0.011169,1.48027,0.909099,1.5091,0,0.909099,0.79628,0.112819,0,0,,0,0,0,0.8759,0,2.45996,0,0,0,0.832168,0.167832,0.292127,0.707873,0,0,0,1,1,0,0,0,0,0,1,0
"MODRA CM 1 PCPM 10 LT 0.8","2.916E-07","0.9465","78","P Wins",1.2E-6,0,1,0.830358,1,1,1,1,0.0909008,4.65179,0,1.05127,0.00935977,0.0414901,0.134268,0.268072,0.292711,0.174323,0.0633453,0.0164307,1,1,0.9,0.5,,,0,,,,,0,0,1,1,9.7,8.7,18.4,1.6,999.847,997.675,0.6,0.35085,0.284745,0.635595,0.17136,0.0854235,0.909099,1.5091,0,0.909099,0.862872,0.0462276,0,0,,0,0,0,0.94915,0,2.45418,0,0,0,0.753813,0.246187,0.207993,0.792007,0,0,0,1,1,0,0,0,0,0,0,1
